{
  "IcoMoonType": "selection",
  "icons": [
    {
      "icon": {
        "paths": [
          "M128 170.667h768v85.333h-768v-85.333zM384 469.333h512v85.333h-512v-85.333zM128 768h768v85.333h-768v-85.333z"
        ],
        "attrs": [],
        "grid": 0,
        "tags": [
          "burger"
        ]
      },
      "attrs": [],
      "properties": {
        "order": 39,
        "id": 3,
        "name": "burger",
        "prevSize": 32
      },
      "setIdx": 0,
      "setId": 4,
      "iconIdx": 0
    },
    {
      "icon": {
        "paths": [
          "M768 256l-512 512",
          "M256 256l512 512"
        ],
        "attrs": [
          {
            "fill": "none",
            "strokeLinejoin": "round",
            "strokeLinecap": "round",
            "strokeMiterlimit": "4",
            "strokeWidth": 85.33333333333333
          },
          {
            "fill": "none",
            "strokeLinejoin": "round",
            "strokeLinecap": "round",
            "strokeMiterlimit": "4",
            "strokeWidth": 85.33333333333333
          }
        ],
        "grid": 0,
        "tags": [
          "burger_close"
        ]
      },
      "attrs": [
        {
          "fill": "none",
          "strokeLinejoin": "round",
          "strokeLinecap": "round",
          "strokeMiterlimit": "4",
          "strokeWidth": 85.33333333333333
        },
        {
          "fill": "none",
          "strokeLinejoin": "round",
          "strokeLinecap": "round",
          "strokeMiterlimit": "4",
          "strokeWidth": 85.33333333333333
        }
      ],
      "properties": {
        "order": 40,
        "id": 2,
        "name": "burger_close",
        "prevSize": 32
      },
      "setIdx": 0,
      "setId": 4,
      "iconIdx": 1
    },
    {
      "icon": {
        "paths": [
          "M853.333 170.667l-682.667 682.667M853.333 853.333v0z"
        ],
        "attrs": [
          {
            "fill": "none",
            "strokeLinejoin": "miter",
            "strokeLinecap": "round",
            "strokeMiterlimit": "4",
            "strokeWidth": 85.33333333333333
          }
        ],
        "grid": 0,
        "tags": [
          "close_big"
        ]
      },
      "attrs": [
        {
          "fill": "none",
          "strokeLinejoin": "miter",
          "strokeLinecap": "round",
          "strokeMiterlimit": "4",
          "strokeWidth": 85.33333333333333
        }
      ],
      "properties": {
        "order": 41,
        "id": 1,
        "name": "close_big",
        "prevSize": 32
      },
      "setIdx": 0,
      "setId": 4,
      "iconIdx": 2
    },
    {
      "icon": {
        "paths": [
          "M853.333 170.667l-682.667 682.667M853.333 853.333v0z"
        ],
        "attrs": [
          {
            "fill": "none",
            "strokeLinejoin": "miter",
            "strokeLinecap": "round",
            "strokeMiterlimit": "4",
            "strokeWidth": 113.77777777777777
          }
        ],
        "grid": 0,
        "tags": [
          "close_small"
        ]
      },
      "attrs": [
        {
          "fill": "none",
          "strokeLinejoin": "miter",
          "strokeLinecap": "round",
          "strokeMiterlimit": "4",
          "strokeWidth": 113.77777777777777
        }
      ],
      "properties": {
        "order": 42,
        "id": 0,
        "name": "close_small",
        "prevSize": 32
      },
      "setIdx": 0,
      "setId": 4,
      "iconIdx": 3
    },
    {
      "icon": {
        "paths": [
          "M418.578 904.769v-130.174l-3.367-21.322v-217.705c0-50.124-14.214-88.653-42.643-115.586-27.68-26.933-69.201-40.399-124.563-40.399-38.155 0-74.439 6.359-108.853 19.077s-63.591 29.552-87.531 50.499l-35.91-59.476c29.925-25.436 65.835-44.888 107.73-58.354 41.896-14.214 86.034-21.322 132.419-21.322 76.309 0 135.038 19.077 176.184 57.232 41.896 37.407 62.843 94.639 62.843 171.695v365.835h-76.309zM215.461 910.379c-44.14 0-82.668-7.108-115.586-21.322-32.169-14.963-56.858-35.162-74.065-60.598-17.207-26.185-25.81-56.11-25.81-89.775 0-30.674 7.107-58.354 21.322-83.042 14.963-25.436 38.903-45.635 71.82-60.598 33.666-15.711 78.553-23.566 134.663-23.566h203.117v59.476h-200.872c-56.857 0-96.508 10.1-118.952 30.299-21.696 20.199-32.544 45.262-32.544 75.187 0 33.666 13.092 60.598 39.277 80.798s62.843 30.299 109.975 30.299c44.888 0 83.417-10.1 115.586-30.299 32.918-20.947 56.857-50.873 71.82-89.775l17.955 54.987c-14.963 38.902-41.147 69.95-78.553 93.142-36.658 23.191-83.042 34.788-139.152 34.788z",
          "M748.492 910.379c-61.346 0-115.211-12.719-161.596-38.155-46.384-26.185-82.668-61.721-108.853-106.608-26.185-45.635-39.277-97.631-39.277-155.985s12.344-109.975 37.032-154.862c25.436-44.888 59.851-80.050 103.242-105.486 44.14-26.185 93.516-39.277 148.129-39.277 55.362 0 104.364 12.719 147.007 38.155 43.391 24.688 77.431 59.851 102.119 105.486 24.688 44.888 37.032 96.883 37.032 155.985 0 3.741-0.375 7.855-1.122 12.344 0 3.741 0 7.855 0 12.344h-512.842v-59.476h470.198l-31.421 23.566c0-42.643-9.352-80.423-28.055-113.341-17.955-33.666-42.643-59.851-74.065-78.553s-67.706-28.055-108.853-28.055c-40.399 0-76.684 9.352-108.853 28.055s-57.232 44.888-75.187 78.553c-17.955 33.666-26.933 72.195-26.933 115.586v12.344c0 44.888 9.725 84.539 29.177 118.952 20.199 33.666 47.88 60.224 83.042 79.676 35.91 18.703 76.684 28.055 122.319 28.055 35.91 0 69.201-6.359 99.875-19.077 31.421-12.719 58.354-32.169 80.798-58.354l44.888 51.621c-26.185 31.421-59.102 55.362-98.753 71.82-38.902 16.458-81.92 24.688-129.052 24.688z",
          "M948.246 189.37h-392.767v-84.164h392.767v84.164z"
        ],
        "attrs": [],
        "grid": 0,
        "tags": [
          "big_logo"
        ]
      },
      "attrs": [],
      "properties": {
        "order": 43,
        "id": 16,
        "name": "big_logo",
        "prevSize": 32
      },
      "setIdx": 1,
      "setId": 3,
      "iconIdx": 0
    },
    {
      "icon": {
        "paths": [
          "M768.011 85.335h-128c-56.58 0-110.841 22.476-150.85 62.484-40.005 40.008-62.482 94.27-62.482 150.849v128h-128v170.668h128v341.332h170.668v-341.332h128l42.664-170.668h-170.664v-128c0-11.316 4.495-22.169 12.496-30.17s18.853-12.497 30.168-12.497h128v-170.667z"
        ],
        "attrs": [
          {
            "fill": "none",
            "strokeLinejoin": "round",
            "strokeLinecap": "round",
            "strokeMiterlimit": "4",
            "strokeWidth": 73.14285714285714
          }
        ],
        "grid": 0,
        "tags": [
          "facebook"
        ]
      },
      "attrs": [
        {
          "fill": "none",
          "strokeLinejoin": "round",
          "strokeLinecap": "round",
          "strokeMiterlimit": "4",
          "strokeWidth": 73.14285714285714
        }
      ],
      "properties": {
        "order": 44,
        "id": 11,
        "name": "facebook",
        "prevSize": 32
      },
      "setIdx": 1,
      "setId": 3,
      "iconIdx": 1
    },
    {
      "icon": {
        "paths": [
          "M725.321 85.335h-426.666c-117.821 0-213.333 95.513-213.333 213.334v426.668c0 117.819 95.513 213.332 213.333 213.332h426.666c117.822 0 213.332-95.514 213.332-213.332v-426.668c0-117.821-95.51-213.334-213.332-213.334z",
          "M682.668 485.12c5.263 35.507-0.801 71.775-17.335 103.636-16.534 31.865-42.693 57.702-74.759 73.841-32.062 16.139-68.4 21.756-103.841 16.055s-68.184-22.437-93.568-47.821c-25.381-25.381-42.116-58.123-47.819-93.564s-0.085-71.779 16.054-103.845c16.138-32.066 41.979-58.225 73.84-74.757 31.865-16.534 68.129-22.599 103.64-17.333 36.22 5.371 69.753 22.249 95.645 48.142s42.77 59.425 48.143 95.645z",
          "M746.679 277.335h0.406"
        ],
        "attrs": [
          {
            "fill": "none",
            "strokeLinejoin": "round",
            "strokeLinecap": "round",
            "strokeMiterlimit": "4",
            "strokeWidth": 73.14285714285714
          },
          {
            "fill": "none",
            "strokeLinejoin": "round",
            "strokeLinecap": "round",
            "strokeMiterlimit": "4",
            "strokeWidth": 73.14285714285714
          },
          {
            "fill": "none",
            "strokeLinejoin": "round",
            "strokeLinecap": "round",
            "strokeMiterlimit": "4",
            "strokeWidth": 73.14285714285714
          }
        ],
        "grid": 0,
        "tags": [
          "instagram"
        ]
      },
      "attrs": [
        {
          "fill": "none",
          "strokeLinejoin": "round",
          "strokeLinecap": "round",
          "strokeMiterlimit": "4",
          "strokeWidth": 73.14285714285714
        },
        {
          "fill": "none",
          "strokeLinejoin": "round",
          "strokeLinecap": "round",
          "strokeMiterlimit": "4",
          "strokeWidth": 73.14285714285714
        },
        {
          "fill": "none",
          "strokeLinejoin": "round",
          "strokeLinecap": "round",
          "strokeMiterlimit": "4",
          "strokeWidth": 73.14285714285714
        }
      ],
      "properties": {
        "order": 45,
        "id": 10,
        "name": "instagram",
        "prevSize": 32
      },
      "setIdx": 1,
      "setId": 3,
      "iconIdx": 2
    },
    {
      "icon": {
        "paths": [
          "M989.032 189.245c1.769-11.171-5.853-21.662-17.023-23.432l-182.051-28.834c-11.17-1.769-21.664 5.853-23.433 17.024s5.853 21.662 17.027 23.432l161.821 25.63-25.629 161.823c-1.769 11.172 5.853 21.663 17.023 23.432s21.664-5.852 23.433-17.024l28.832-182.051zM52.998 876.728l927.847-674.119-24.076-33.137-927.846 674.12 24.076 33.137z"
        ],
        "attrs": [],
        "grid": 0,
        "tags": [
          "mob_btn_errow"
        ]
      },
      "attrs": [],
      "properties": {
        "order": 46,
        "id": 9,
        "name": "mob_btn_errow",
        "prevSize": 32
      },
      "setIdx": 1,
      "setId": 3,
      "iconIdx": 3
    },
    {
      "icon": {
        "paths": [
          "M844.341 545.692c0.849-7.543 2.697-14.561 5.544-21.058 2.963-6.484 6.284-11.458 9.965-14.923l9.12 6.66c-3.203 3.402-6.176 7.886-8.918 13.455-2.626 5.581-4.298 11.563-5.018 17.946-0.98 8.703-0.352 15.117 1.886 19.246 2.354 4.14 5.794 6.465 10.319 6.971 3.366 0.376 6.101-0.434 8.207-2.431 2.207-1.869 3.972-4.491 5.292-7.869 1.436-3.364 2.745-7.155 3.924-11.369 1.18-4.216 2.476-8.418 3.889-12.607 1.399-4.074 3.164-7.754 5.297-11.040 2.249-3.274 5.065-5.837 8.447-7.691 3.368-1.738 7.664-2.316 12.885-1.731 4.991 0.558 9.302 2.451 12.933 5.678 3.633 3.226 6.25 7.631 7.854 13.216 1.707 5.713 2.122 12.456 1.246 20.232-0.666 5.918-2.145 11.745-4.436 17.481-2.176 5.749-4.755 10.395-7.739 13.939l-9.314-6.505c3.242-3.75 5.705-7.881 7.389-12.393 1.799-4.498 2.96-9.068 3.483-13.709 0.927-8.239 0.163-14.494-2.295-18.763-2.354-4.14-5.736-6.458-10.146-6.951-3.48-0.389-6.326 0.349-8.534 2.218-2.22 1.983-4.107 4.651-5.66 8.002-1.448 3.48-2.757 7.27-3.924 11.37-1.18 4.216-2.528 8.354-4.042 12.413-1.412 4.19-3.185 7.928-5.317 11.214-2.030 3.416-4.729 5.992-8.098 7.73-3.266 1.867-7.393 2.522-12.384 1.964-5.338-0.598-9.81-2.626-13.416-6.085-3.503-3.329-6.038-7.96-7.602-13.893-1.462-5.803-1.741-12.708-0.839-20.716z",
          "M907.403 675.255c-2.789 6.934-6.586 12.458-11.389 16.574-4.737 4.268-10.406 6.78-17.004 7.539-6.643 0.865-14.084-0.349-22.325-3.643l-49.605-19.833 4.642-11.536 48.468 19.377c8.999 3.597 16.691 4.033 23.076 1.303 6.45-2.578 11.308-7.928 14.579-16.053 2.441-6.067 3.331-11.874 2.668-17.42-0.598-5.396-2.727-10.271-6.388-14.627-3.595-4.204-8.645-7.606-15.151-10.208l-44.889-17.946 4.643-11.538 120.68 48.248-4.643 11.538-58.713-23.474 5.307-0.52c5.090 5.179 8.172 11.442 9.243 18.788 1.182 7.388 0.115 15.2-3.199 23.432z",
          "M774.347 718.267c5.616-6.872 12.219-11.814 19.808-14.826 7.607-2.848 15.423-3.647 23.448-2.396 8.117 1.326 15.709 4.859 22.78 10.6 7.161 5.815 12.169 12.513 15.022 20.095 2.852 7.58 3.603 15.336 2.251 23.264-1.351 7.927-4.872 15.372-10.562 22.334-5.764 7.052-12.404 12.040-19.919 14.963-7.59 3.013-15.36 3.848-23.311 2.506-8.026-1.252-15.619-4.786-22.781-10.601-7.070-5.741-12.078-12.439-15.020-20.093-2.926-7.491-3.723-15.282-2.388-23.374 1.424-8.018 4.983-15.508 10.673-22.47zM782.914 725.224c-4.212 5.154-6.811 10.64-7.796 16.458-0.895 5.892-0.181 11.661 2.142 17.308 2.339 5.81 6.273 10.959 11.803 15.45 5.621 4.564 11.477 7.363 17.568 8.398 6.017 1.125 11.784 0.618 17.302-1.52 5.609-2.064 10.483-5.628 14.62-10.691s6.655-10.54 7.548-16.433c0.986-5.819 0.354-11.597-1.894-17.334s-6.183-10.887-11.804-15.45c-5.53-4.491-11.385-7.289-17.567-8.398-6.091-1.035-11.94-0.52-17.549 1.544-5.517 2.138-10.309 5.694-14.372 10.667z",
          "M693.229 791.738c6.612-4.399 13.598-6.874 20.958-7.424 7.427-0.454 14.661 1.114 21.702 4.704 7.010 3.751 13.309 9.798 18.898 18.142 5.588 8.344 8.744 16.412 9.467 24.207 0.788 7.892-0.484 15.12-3.816 21.686s-8.352 12.081-15.061 16.544c-7.291 4.852-14.909 7.537-22.854 8.055-7.976 0.68-15.6-0.839-22.869-4.558-7.204-3.622-13.374-9.265-18.507-16.93-5.198-7.761-8.095-15.652-8.688-23.673-0.594-8.021 0.92-15.621 4.545-22.802 3.526-7.115 8.934-13.099 16.225-17.951zM714.325 737.935l70.083 104.637-9.915 6.599-15.402-22.994-9.213-15.96-11.791-14.456-34.115-50.936 10.353-6.89zM700.099 800.422c-5.443 3.622-9.492 8.069-12.145 13.342-2.588 5.369-3.651 11.125-3.189 17.271 0.527 6.242 2.772 12.322 6.735 18.241 3.964 5.918 8.704 10.267 14.221 13.048 5.516 2.781 11.259 4.010 17.226 3.686 5.966-0.325 11.672-2.297 17.116-5.92 5.445-3.623 9.508-8.15 12.194-13.584 2.588-5.369 3.651-11.127 3.189-17.272-0.558-6.079-2.82-12.079-6.784-17.997-3.964-5.919-8.688-10.349-14.173-13.292-5.516-2.781-11.259-4.010-17.225-3.685-6 0.485-11.721 2.54-17.165 6.163z",
          "M574.027 934.027c-7.385 1.143-14.072 0.701-20.061-1.327-6.086-1.894-11.136-5.484-15.15-10.771-4.13-5.27-6.878-12.288-8.243-21.057l-8.222-52.787 12.289-1.902 8.033 51.576c1.492 9.577 5.038 16.412 10.64 20.508 5.504 4.229 12.583 5.675 21.239 4.336 6.462-1.001 11.909-3.203 16.344-6.606 4.336-3.27 7.444-7.592 9.325-12.964 1.784-5.239 2.137-11.319 1.059-18.242l-7.44-47.768 12.291-1.901 14.151 90.862-11.771 1.822-3.882-24.922 2.631 4.378c-1.859 7.024-5.676 12.871-11.449 17.547-5.753 4.79-13.016 7.863-21.786 9.22z",
          "M467.839 841.848c8.781 1.289 16.404 4.417 22.872 9.379 6.334 5.062 11.009 11.356 14.029 18.881 3.001 7.64 3.836 15.965 2.503 24.976-1.35 9.126-4.558 16.857-9.627 23.194s-11.36 10.959-18.873 13.868c-7.513 2.909-15.717 3.711-24.612 2.404-9.011-1.324-16.693-4.46-23.044-9.406-6.466-4.962-11.152-11.198-14.054-18.707-3.019-7.525-3.853-15.85-2.503-24.976 1.333-9.010 4.541-16.741 9.627-23.194 4.953-6.353 11.252-11.034 18.897-14.042 7.629-2.891 15.891-3.684 24.786-2.377zM466.225 852.764c-6.585-0.967-12.633-0.381-18.144 1.76-5.527 2.257-10.128 5.83-13.802 10.718-3.806 4.988-6.23 11.005-7.273 18.052-1.059 7.163-0.48 13.621 1.738 19.375 2.103 5.738 5.482 10.425 10.139 14.060 4.639 3.75 10.194 6.101 16.663 7.051 6.47 0.951 12.469 0.298 17.997-1.958 5.509-2.141 10.161-5.648 13.949-10.52 3.79-4.873 6.214-10.889 7.273-18.052 1.043-7.047 0.463-13.505-1.738-19.375-2.218-5.756-5.647-10.508-10.286-14.258-4.657-3.635-10.162-5.919-16.516-6.853z",
          "M391.156 826.165l-13.418 97.272-10.478-5.662 13.012-89.926 4.778 2.582-69.26 59.535-9.401-5.078 12.551-90.175 4.776 2.582-68.952 59.702-10.018-5.412 74.598-64.217 10.325 5.578-11.202 85.129-3.236-1.748 65.601-55.739 10.325 5.578z",
          "M243.996 710.283c4.452 6.147 7.811 12.578 10.078 19.29 2.171 6.781 3.060 12.687 2.666 17.718l-11.251 1.188c0.084-4.663-0.734-9.972-2.452-15.929-1.814-5.888-4.604-11.434-8.371-16.635-5.136-7.094-9.925-11.416-14.366-12.968-4.534-1.485-8.65-0.897-12.347 1.762-2.749 1.978-4.231 4.411-4.446 7.3-0.379 2.862 0.081 5.984 1.377 9.367 1.202 3.451 2.785 7.13 4.751 11.039s3.836 7.885 5.612 11.93c1.708 3.95 2.878 7.857 3.511 11.717 0.538 3.928 0.178 7.711-1.079 11.35-1.327 3.544-4.123 6.85-8.389 9.919-4.076 2.932-8.546 4.423-13.413 4.472s-9.775-1.454-14.727-4.508c-5.115-3.081-9.966-7.79-14.556-14.127-3.494-4.824-6.323-10.124-8.488-15.902-2.261-5.71-3.479-10.876-3.654-15.497l11.29-1.434c0.121 4.948 1.079 9.653 2.87 14.118 1.698 4.534 3.915 8.692 6.656 12.475 4.863 6.714 9.643 10.827 14.341 12.338 4.535 1.485 8.603 0.931 12.206-1.661 2.843-2.045 4.454-4.5 4.833-7.362 0.31-2.956-0.089-6.194-1.195-9.713-1.271-3.545-2.854-7.225-4.751-11.039-1.966-3.909-3.755-7.873-5.367-11.891-1.777-4.045-2.98-7.998-3.614-11.858-0.796-3.886-0.531-7.602 0.795-11.145 1.163-3.571 3.782-6.822 7.858-9.754 4.36-3.138 9.042-4.636 14.046-4.496 4.84 0.115 9.838 1.841 14.996 5.178 4.993 3.313 9.853 8.231 14.579 14.758z",
          "M109.979 656.924c-2.606-7.005-3.518-13.639-2.735-19.905 0.633-6.334 3.138-11.992 7.514-16.971 4.336-5.089 10.666-9.173 18.99-12.25l50.108-18.528 4.337 11.656-48.958 18.102c-9.090 3.362-15.080 8.191-17.969 14.488-3.040 6.228-3.032 13.445 0.022 21.654 2.281 6.129 5.536 11.026 9.766 14.69 4.079 3.596 8.943 5.783 14.588 6.558 5.496 0.707 11.529-0.154 18.102-2.584l45.343-16.765 4.337 11.655-121.901 45.074-4.338-11.656 59.308-21.928-3.58 3.938c-7.262-0.427-13.765-3.003-19.51-7.726-5.854-4.683-10.329-11.183-13.425-19.5z",
          "M179.321 536.301c0.481 8.862-1.067 16.957-4.646 24.282-3.703 7.217-8.94 13.053-15.714 17.512-6.892 4.464-14.886 6.942-23.98 7.431-9.211 0.497-17.426-1.106-24.644-4.81s-12.998-8.948-17.342-15.729c-4.344-6.783-6.759-14.663-7.247-23.641-0.493-9.096 1.052-17.248 4.637-24.457 3.579-7.327 8.758-13.16 15.54-17.502 6.775-4.457 14.768-6.935 23.98-7.431 9.095-0.49 17.31 1.113 24.644 4.81 7.211 3.588 13.051 8.828 17.517 15.721 4.351 6.899 6.769 14.837 7.256 23.815zM168.302 536.895c-0.36-6.647-2.137-12.456-5.33-17.43-3.31-4.966-7.726-8.763-13.249-11.389-5.644-2.737-12.023-3.913-19.136-3.529-7.229 0.389-13.444 2.245-18.643 5.566-5.206 3.204-9.127 7.45-11.763 12.737-2.753 5.294-3.953 11.206-3.599 17.735s2.186 12.277 5.496 17.245c3.193 4.973 7.554 8.831 13.082 11.574 5.528 2.742 11.907 3.918 19.136 3.529 7.112-0.383 13.327-2.238 18.643-5.565 5.199-3.321 9.176-7.629 11.928-12.923 2.637-5.287 3.782-11.137 3.433-17.551z",
          "M189.63 427.236c-1.938 7.702-5.445 14.227-10.523 19.577-5.193 5.323-11.601 9.018-19.224 11.085-7.708 1.924-16.434 1.669-26.177-0.765s-17.5-6.299-23.273-11.593c-5.886-5.322-9.801-11.538-11.747-18.644s-1.935-14.565 0.030-22.38c2.136-8.494 5.971-15.6 11.503-21.318 5.448-5.861 12.111-9.852 19.99-11.975 7.765-2.152 16.123-2.11 25.074 0.127 9.062 2.265 16.508 6.172 22.337 11.721 5.83 5.55 9.816 12.203 11.958 19.96 2.171 7.644 2.188 15.713 0.053 24.205zM210.168 481.296l-122.181-30.533 2.905-11.551 26.849 6.709 17.544 5.648 18.44 2.804 59.477 14.863-3.034 12.060zM178.711 425.41c1.595-6.342 1.603-12.358 0.024-18.048-1.692-5.72-4.774-10.702-9.244-14.949-4.584-4.274-10.332-7.276-17.242-9.002-6.911-1.727-13.342-1.77-19.293-0.128s-11.027 4.586-15.226 8.833c-4.199 4.247-7.096 9.541-8.691 15.883-1.595 6.341-1.561 12.428 0.103 18.261 1.692 5.718 4.774 10.701 9.244 14.948 4.499 4.134 10.204 7.063 17.114 8.79s13.385 1.841 19.421 0.34c5.953-1.641 11.028-4.586 15.227-8.832 4.114-4.388 6.969-9.754 8.564-16.096z",
          "M181.858 242.503c4.708-5.803 9.964-9.965 15.768-12.486 5.786-2.685 11.946-3.421 18.478-2.206 6.606 1.125 13.363 4.472 20.274 10.041l41.595 33.525-7.835 9.658-40.641-32.756c-7.545-6.081-14.773-8.757-21.682-8.025-6.925 0.567-13.146 4.251-18.664 11.052-4.12 5.078-6.679 10.365-7.677 15.859-1.016 5.33-0.415 10.615 1.803 15.85 2.2 5.073 6.027 9.807 11.482 14.204l37.64 30.337-7.835 9.658-71.598-57.706 7.503-9.25 19.639 15.828-4.896-1.471c-3.344-6.443-4.446-13.332-3.31-20.665 1.046-7.405 4.364-14.554 9.956-21.447z",
          "M321.054 240.395c-7.37 4.943-15.124 7.754-23.261 8.432-8.106 0.515-15.815-0.993-23.13-4.523-7.38-3.627-13.618-9.215-18.714-16.764-5.162-7.645-8.006-15.51-8.532-23.594-0.527-8.083 1.009-15.722 4.607-22.915 3.597-7.194 9.128-13.294 16.597-18.304 7.564-5.073 15.365-7.916 23.406-8.529 8.137-0.676 15.814 0.781 23.031 4.378 7.315 3.53 13.553 9.118 18.715 16.764 5.096 7.549 7.94 15.414 8.532 23.594 0.622 8.018-0.88 15.705-4.508 23.060-3.694 7.258-9.275 13.393-16.742 18.401zM314.879 231.249c5.528-3.708 9.609-8.203 12.242-13.484 2.568-5.377 3.562-11.106 2.98-17.184-0.548-6.24-2.816-12.312-6.802-18.215-4.052-6.001-8.84-10.381-14.367-13.142-5.43-2.825-11.096-4.018-16.996-3.575-5.966 0.345-11.664 2.34-17.095 5.982-5.43 3.643-9.43 8.153-11.998 13.532-2.633 5.282-3.708 10.995-3.224 17.137 0.485 6.143 2.753 12.215 6.803 18.215 3.986 5.904 8.775 10.284 14.367 13.142 5.527 2.761 11.273 3.968 17.24 3.623 5.9-0.443 11.517-2.454 16.85-6.031z",
          "M389.844 199.541l-55.46-81.196 11.577-2.8 50.821 75.47-5.278 1.276 11.319-90.499 10.386-2.512 51.332 75.347-5.278 1.276 10.98-90.417 11.066-2.677-12.129 97.542-11.407 2.759-48.939-70.699 3.576-0.865-11.159 85.234-11.407 2.759z",
          "M576.559 186.693c-7.421-1.587-14.223-4.118-20.405-7.588-6.155-3.585-10.774-7.38-13.854-11.383l7.545-8.416c3.064 3.521 7.23 6.92 12.497 10.196 5.292 3.162 11.078 5.415 17.358 6.758 8.564 1.831 15.014 1.838 19.347 0.018 4.357-1.933 7.016-5.127 7.975-9.578 0.713-3.31 0.181-6.112-1.595-8.402-1.638-2.379-4.072-4.392-7.3-6.039-3.205-1.76-6.846-3.434-10.923-5.023-4.078-1.589-8.131-3.292-12.159-5.109-3.915-1.792-7.401-3.91-10.457-6.356-3.033-2.559-5.302-5.612-6.808-9.159-1.392-3.522-1.535-7.851-0.428-12.988 1.056-4.909 3.372-9.011 6.948-12.306 3.577-3.295 8.224-5.465 13.944-6.511 5.858-1.135 12.613-0.885 20.264 0.752 5.823 1.246 11.474 3.29 16.954 6.134 5.504 2.73 9.871 5.753 13.098 9.071l-7.411 8.625c-3.407-3.595-7.272-6.451-11.593-8.57-4.298-2.233-8.73-3.838-13.297-4.815-8.108-1.734-14.41-1.589-18.906 0.434-4.359 1.934-7.005 5.070-7.939 9.408-0.737 3.425-0.287 6.327 1.35 8.708 1.753 2.405 4.219 4.544 7.398 6.418 3.319 1.785 6.959 3.459 10.923 5.024 4.077 1.589 8.061 3.336 11.95 5.243 4.029 1.816 7.572 3.948 10.628 6.393 3.196 2.355 5.491 5.294 6.882 8.816 1.531 3.432 1.768 7.602 0.71 12.51-1.13 5.252-3.597 9.5-7.402 12.746-3.665 3.157-8.529 5.221-14.592 6.194-5.923 0.883-12.824 0.481-20.704-1.205z",
          "M713.182 136.779c6.626 3.456 11.748 7.772 15.361 12.947 3.771 5.127 5.698 11.004 5.78 17.632 0.187 6.682-1.781 13.952-5.906 21.81l-24.824 47.306-11.027-5.749 24.254-46.22c4.503-8.583 5.72-16.178 3.65-22.788-1.912-6.66-6.752-12.014-14.517-16.063-5.799-3.022-11.497-4.479-17.094-4.368-5.438 0.062-10.515 1.695-15.229 4.899-4.558 3.156-8.464 7.835-11.719 14.040l-22.463 42.807-11.027-5.749 60.39-115.085 11.027 5.749-29.381 55.992 0.023-5.322c5.682-4.544 12.238-6.986 19.669-7.326 7.486-0.443 15.163 1.387 23.032 5.489z",
          "M743.207 272.919c-6.308-6.242-10.593-13.274-12.855-21.098-2.095-7.823-2.123-15.655-0.085-23.494 2.122-7.921 6.396-15.109 12.823-21.562 6.51-6.536 13.691-10.849 21.539-12.939 7.85-2.090 15.666-2.076 23.447 0.038 7.782 2.115 14.868 6.335 21.26 12.66 6.474 6.407 10.801 13.48 12.979 21.221 2.261 7.824 2.331 15.613 0.209 23.37-2.040 7.839-6.314 15.027-12.824 21.563-6.427 6.454-13.607 10.767-21.539 12.939-7.766 2.171-15.623 2.2-23.57 0.085-7.865-2.196-14.994-6.458-21.384-12.782zM750.994 265.1c4.732 4.682 9.953 7.796 15.666 9.341 5.794 1.463 11.624 1.318 17.49-0.434 6.031-1.753 11.559-5.154 16.586-10.201 5.109-5.129 8.48-10.664 10.112-16.606 1.717-5.86 1.777-11.63 0.186-17.312-1.51-5.765-4.589-10.947-9.238-15.547-4.647-4.6-9.869-7.63-15.663-9.093-5.713-1.545-11.543-1.483-17.492 0.187s-11.478 5.070-16.586 10.2c-5.027 5.047-8.398 10.582-10.113 16.608-1.632 5.941-1.694 11.794-0.183 17.559 1.591 5.683 4.67 10.783 9.235 15.299z",
          "M808.212 359.055c-3.767-6.99-5.579-14.166-5.435-21.528 0.247-7.417 2.493-14.449 6.738-21.093 4.403-6.597 11.031-12.266 19.884-17.008 8.852-4.74 17.202-7.093 25.049-7.056 7.949-0.018 15.043 1.946 21.282 5.889 6.238 3.945 11.268 9.464 15.092 16.556 4.155 7.71 6.117 15.534 5.887 23.473-0.073 7.986-2.307 15.409-6.703 22.267-4.293 6.802-10.504 12.381-18.637 16.736-8.235 4.41-16.383 6.523-24.443 6.335-8.061-0.187-15.503-2.428-22.327-6.721-6.769-4.19-12.231-10.14-16.387-17.85zM756.507 332.898l111.020-59.454 5.651 10.484-24.397 13.065-16.794 7.603-15.537 10.307-54.044 28.941-5.9-10.947zM817.525 353.074c3.102 5.757 7.159 10.208 12.171 13.352 5.115 3.090 10.759 4.702 16.935 4.838 6.279 0.082 12.557-1.559 18.836-4.922 6.28-3.362 11.067-7.648 14.362-12.857 3.294-5.208 5.062-10.791 5.301-16.746 0.238-5.957-1.194-11.812-4.297-17.568-3.103-5.757-7.238-10.231-12.408-13.424-5.115-3.090-10.76-4.702-16.935-4.838-6.121-0.034-12.32 1.63-18.6 4.993-6.279 3.363-11.145 7.625-14.599 12.785-3.294 5.208-5.061 10.791-5.299 16.746-0.081 6.004 1.431 11.884 4.534 17.64z"
        ],
        "attrs": [],
        "grid": 0,
        "tags": [
          "mob_btn_text"
        ]
      },
      "attrs": [],
      "properties": {
        "order": 47,
        "id": 8,
        "name": "mob_btn_text",
        "prevSize": 32
      },
      "setIdx": 1,
      "setId": 3,
      "iconIdx": 4
    },
    {
      "icon": {
        "paths": [
          "M936.848 193.96l-123.927-123.795c-15.127-15.125-35.375-23.619-56.785-23.619s-41.658 8.377-56.785 23.619l-133.474 133.22c-15.127 15.125-23.622 35.486-23.622 56.895 0 21.524 8.378 41.653 23.622 56.894l104.266 104.365c-23.752 55.334-57.879 105.612-100.543 148.113-42.705 42.934-92.625 76.791-148.013 100.757l-104.262-104.364c-15.128-15.127-35.375-23.617-56.786-23.617-10.561-0.042-21.023 2.029-30.774 6.083s-18.594 10.017-26.012 17.534l-133.586 133.218c-15.127 15.127-23.622 35.491-23.622 56.897 0 21.523 8.378 41.654 23.622 56.893l123.811 123.797c25.833 25.828 61.44 40.606 97.979 40.606 7.564 0 14.895-0.582 22.342-1.862 154.064-25.363 306.971-107.39 430.432-230.721 123.345-123.56 205.265-276.443 230.865-430.607 7.331-43.747-7.331-88.774-38.749-120.305zM893.096 300.419c-22.691 137.176-96.465 274.003-207.593 385.116-111.132 111.113-247.857 184.879-385.051 207.565-17.222 2.909-34.909-2.909-47.476-15.355l-121.6-121.586 128.931-129.033 140.451 140.67 25.135-9.309c76.212-28.016 145.416-72.266 202.82-129.685 57.409-57.418 101.641-126.632 129.634-202.841l9.309-25.131-140.567-140.433 128.931-129.031 121.6 121.585c12.567 12.565 18.385 30.25 15.476 47.47z"
        ],
        "attrs": [],
        "grid": 0,
        "tags": [
          "mob_tel"
        ]
      },
      "attrs": [],
      "properties": {
        "order": 48,
        "id": 7,
        "name": "mob_tel",
        "prevSize": 32
      },
      "setIdx": 1,
      "setId": 3,
      "iconIdx": 5
    },
    {
      "icon": {
        "paths": [
          "M406.742 891.256v-123.12l-5.496-23.087v-209.967c0-44.704-13.192-79.149-39.575-103.333-25.649-24.919-64.492-37.376-116.527-37.376-34.444 0-68.156 5.861-101.135 17.588-32.979 10.992-60.828 26.016-83.547 45.072l-43.972-79.151c30.048-24.184 65.958-42.507 107.732-54.965 42.506-13.192 86.845-19.787 133.016-19.787 79.881 0 141.443 19.421 184.683 58.264 43.237 38.841 64.857 98.204 64.857 178.087v351.775h-100.036zM215.463 897.852c-43.239 0-81.348-7.328-114.327-21.985-32.246-14.657-57.164-34.812-74.752-60.463-17.589-26.381-26.383-56.064-26.383-89.043 0-31.512 7.329-60.095 21.986-85.744 15.39-25.651 39.941-46.171 73.653-61.56 34.445-15.391 80.616-23.087 138.512-23.087h184.683v75.852h-180.284c-52.768 0-88.312 8.795-106.633 26.384s-27.483 38.843-27.483 63.76c0 28.583 11.359 51.667 34.078 69.256 22.719 16.856 54.232 25.284 94.539 25.284 39.575 0 74.020-8.793 103.335-26.384 30.048-17.588 51.667-43.24 64.859-76.951l20.887 72.555c-13.924 34.444-38.476 61.928-73.655 82.448-35.177 19.788-79.516 29.68-133.015 29.68z",
          "M744.237 897.852c-62.295 0-117.259-12.824-164.895-38.476-46.904-25.649-83.547-60.828-109.931-105.532-25.651-44.704-38.476-96.007-38.476-153.903s12.459-109.196 37.376-153.903c25.651-44.704 60.463-79.516 104.435-104.432 44.704-25.651 94.905-38.476 150.604-38.476 56.431 0 106.267 12.459 149.506 37.376 43.237 24.917 76.949 60.095 101.136 105.532 24.917 44.707 37.376 97.106 37.376 157.202 0 4.397-0.367 9.528-1.1 15.389 0 5.864-0.367 11.36-1.1 16.491h-495.785v-75.852h440.821l-42.872 26.381c0.732-37.376-6.963-70.721-23.087-100.036s-38.476-52.033-67.056-68.156c-27.851-16.856-60.463-25.284-97.839-25.284-36.644 0-69.256 8.428-97.839 25.284-28.581 16.124-50.933 39.208-67.056 69.256-16.124 29.315-24.184 63.027-24.184 101.136v17.588c0 38.843 8.793 73.655 26.384 104.435 18.321 30.048 43.605 53.5 75.852 70.355 32.245 16.856 69.256 25.284 111.028 25.284 34.444 0 65.592-5.864 93.442-17.588 28.581-11.727 53.497-29.315 74.752-52.767l58.263 68.156c-26.384 30.78-59.363 54.232-98.938 70.355-38.841 16.124-82.448 24.184-130.816 24.184z",
          "M934.409 193.752h-384.757v-82.448h384.757v82.448z"
        ],
        "attrs": [],
        "grid": 0,
        "tags": [
          "mobile_logo"
        ]
      },
      "attrs": [],
      "properties": {
        "order": 49,
        "id": 6,
        "name": "mobile_logo",
        "prevSize": 32
      },
      "setIdx": 1,
      "setId": 3,
      "iconIdx": 6
    },
    {
      "icon": {
        "paths": [
          "M1021.243 230.493c2.4-10.397-4.082-20.772-14.481-23.172l-169.429-39.116c-10.396-2.4-20.772 4.082-23.171 14.479-2.402 10.397 4.082 20.771 14.479 23.172l150.605 34.77-34.77 150.604c-2.402 10.398 4.081 20.772 14.479 23.171 10.396 2.402 20.772-4.081 23.171-14.479l39.117-169.429zM29.559 856.837l983.096-614.306-20.476-32.77-983.096 614.307 20.477 32.768z"
        ],
        "attrs": [],
        "grid": 0,
        "tags": [
          "pc_btn_errow"
        ]
      },
      "attrs": [],
      "properties": {
        "order": 50,
        "id": 5,
        "name": "pc_btn_errow",
        "prevSize": 32
      },
      "setIdx": 1,
      "setId": 3,
      "iconIdx": 7
    },
    {
      "icon": {
        "paths": [
          "M917.214 535.461c0.278-4.803 1.203-9.31 2.782-13.519 1.653-4.205 3.584-7.467 5.799-9.785l6.002 3.907c-1.912 2.262-3.64 5.202-5.188 8.82-1.468 3.622-2.319 7.465-2.554 11.53-0.321 5.543 0.296 9.582 1.851 12.12 1.635 2.541 3.892 3.896 6.773 4.063 2.147 0.124 3.849-0.481 5.114-1.817 1.332-1.257 2.356-2.977 3.078-5.16 0.79-2.178 1.493-4.622 2.091-7.33 0.605-2.709 1.277-5.413 2.029-8.113 0.746-2.627 1.733-5.016 2.973-7.169 1.308-2.149 3.004-3.867 5.083-5.156 2.073-1.215 4.768-1.725 8.093-1.533 3.177 0.184 5.971 1.236 8.383 3.155 2.406 1.919 4.219 4.619 5.422 8.099 1.277 3.559 1.777 7.814 1.487 12.765-0.216 3.769-0.956 7.508-2.208 11.217-1.178 3.713-2.653 6.742-4.417 9.086l-6.119-3.802c1.925-2.484 3.337-5.182 4.25-8.095 0.981-2.909 1.561-5.842 1.733-8.798 0.302-5.247-0.395-9.18-2.097-11.799-1.635-2.541-3.855-3.894-6.662-4.057-2.215-0.128-3.991 0.436-5.324 1.693-1.339 1.332-2.443 3.084-3.306 5.258-0.802 2.253-1.499 4.696-2.097 7.331-0.598 2.709-1.308 5.374-2.128 7.996-0.753 2.7-1.746 5.126-2.979 7.279-1.172 2.231-2.788 3.954-4.861 5.169-2.005 1.292-4.596 1.847-7.773 1.663-3.399-0.197-6.298-1.329-8.698-3.396-2.332-1.989-4.096-4.834-5.293-8.537-1.123-3.625-1.536-7.986-1.24-13.086z",
          "M966.681 611.559c-0.993 4.632-2.764 8.491-5.324 11.576-2.498 3.177-5.762 5.348-9.802 6.526-4.053 1.252-8.834 1.289-14.33 0.105l-33.113-7.1 1.653-7.71 32.355 6.939c6.008 1.289 10.857 0.74 14.546-1.647 3.751-2.301 6.206-6.163 7.372-11.59 0.87-4.053 0.802-7.778-0.21-11.175-0.956-3.309-2.813-6.13-5.57-8.462-2.696-2.245-6.218-3.833-10.561-4.764l-29.961-6.43 1.653-7.708 80.557 17.284-1.653 7.708-39.196-8.409 3.257-0.891c3.738 2.694 6.341 6.281 7.797 10.758 1.536 4.493 1.715 9.49 0.531 14.99z",
          "M888.524 664.317c2.134-5.206 5.219-9.426 9.259-12.646 4.084-3.128 8.673-5.046 13.762-5.762 5.163-0.685 10.413 0.068 15.755 2.258 5.41 2.215 9.679 5.367 12.806 9.444 3.128 4.084 5.015 8.655 5.663 13.719 0.642 5.064-0.117 10.234-2.276 15.508-2.19 5.342-5.293 9.592-9.309 12.744-4.040 3.226-8.593 5.157-13.657 5.805-5.089 0.716-10.345-0.037-15.755-2.258-5.342-2.19-9.611-5.336-12.806-9.444-3.158-4.016-5.077-8.599-5.762-13.762-0.617-5.132 0.154-10.333 2.319-15.607zM894.995 666.969c-1.598 3.899-2.159 7.711-1.684 11.424 0.543 3.744 2.042 7.119 4.491 10.123 2.492 3.097 5.823 5.509 9.999 7.217 4.25 1.74 8.315 2.369 12.195 1.875 3.849-0.419 7.254-1.789 10.197-4.102 3.016-2.282 5.311-5.342 6.884-9.179 1.573-3.831 2.085-7.624 1.542-11.369-0.481-3.714-1.931-7.106-4.349-10.178s-5.755-5.478-9.999-7.217c-4.182-1.715-8.241-2.338-12.195-1.875-3.88 0.487-7.328 1.875-10.345 4.158-2.949 2.313-5.194 5.354-6.736 9.123z",
          "M854.88 729.742c2.683-4.256 6.088-7.489 10.203-9.709 4.176-2.178 8.76-3.134 13.756-2.868 5.021 0.364 10.228 2.245 15.607 5.644 5.385 3.399 9.29 7.261 11.72 11.597 2.492 4.374 3.621 8.895 3.387 13.559-0.228 4.67-1.709 9.16-4.435 13.485-2.961 4.694-6.675 8.217-11.134 10.567-4.435 2.449-9.235 3.535-14.398 3.257-5.101-0.247-10.123-1.925-15.070-5.046-5.009-3.165-8.716-6.989-11.128-11.492-2.412-4.497-3.498-9.296-3.257-14.392 0.204-5.040 1.789-9.907 4.75-14.601zM853.196 693.1l67.516 42.607-4.034 6.385-14.836-9.364-9.444-6.878-10.548-5.342-32.867-20.739 4.213-6.668zM861.091 733.011c-2.215 3.504-3.405 7.125-3.578 10.869-0.111 3.781 0.759 7.39 2.609 10.838 1.918 3.485 4.781 6.428 8.599 8.84 3.825 2.412 7.686 3.707 11.591 3.899s7.544-0.58 10.912-2.307c3.362-1.727 6.156-4.343 8.365-7.847 2.215-3.504 3.393-7.18 3.547-11.023 0.111-3.781-0.759-7.396-2.616-10.838-1.888-3.387-4.744-6.28-8.562-8.692-3.818-2.406-7.692-3.757-11.622-4.053-3.911-0.185-7.544 0.58-10.912 2.307-3.343 1.832-6.119 4.497-8.334 8.007z",
          "M831.624 850.568c-3.436 3.263-7.075 5.453-10.931 6.557-3.849 1.209-7.779 1.16-11.776-0.142-4.053-1.258-8.013-3.923-11.893-8.001l-23.33-24.545 5.712-5.428 22.799 23.978c4.232 4.454 8.544 6.736 12.942 6.847 4.392 0.222 8.599-1.585 12.627-5.41 3.004-2.856 5.046-5.971 6.125-9.346 1.080-3.269 1.141-6.644 0.179-10.129-0.956-3.374-2.967-6.668-6.027-9.888l-21.115-22.213 5.712-5.428 40.164 42.249-5.472 5.2-11.017-11.585 2.949 1.326c1.567 4.337 1.69 8.766 0.37 13.287-1.271 4.571-3.942 8.797-8.019 12.67z",
          "M737.971 849.649c4.676-3.128 9.592-4.892 14.743-5.311 5.139-0.308 10.012 0.666 14.632 2.918 4.664 2.319 8.599 5.879 11.807 10.678 3.245 4.867 5.027 9.864 5.336 14.996 0.315 5.132-0.679 9.975-2.979 14.533-2.295 4.559-5.811 8.42-10.555 11.585-4.799 3.208-9.747 4.997-14.842 5.373-5.151 0.413-10.006-0.531-14.564-2.825-4.627-2.258-8.556-5.817-11.807-10.678-3.208-4.805-4.984-9.802-5.336-14.996-0.376-5.089 0.598-9.969 2.912-14.626 2.363-4.602 5.91-8.482 10.653-11.646zM741.851 855.466c-3.51 2.338-6.101 5.188-7.785 8.531-1.641 3.411-2.282 7.045-1.931 10.906 0.333 3.96 1.752 7.816 4.256 11.572 2.548 3.818 5.57 6.607 9.062 8.371 3.43 1.807 7.014 2.572 10.746 2.301 3.781-0.204 7.396-1.462 10.838-3.763 3.448-2.301 5.996-5.157 7.637-8.562 1.678-3.35 2.375-6.971 2.085-10.875-0.29-3.899-1.709-7.754-4.256-11.572-2.511-3.757-5.527-6.545-9.062-8.371-3.491-1.764-7.125-2.541-10.906-2.332-3.732 0.265-7.298 1.53-10.684 3.794z",
          "M691.095 878.29l42.619 45.445-6.971 2.887-39.165-42.311 3.183-1.314 1.715 57.819-6.255 2.591-39.473-42.181 3.183-1.32 1.918 57.733-6.668 2.764-1.894-62.31 6.872-2.85 37.518 39.504-2.153 0.894-1.302-54.5 6.872-2.85z",
          "M572.742 913.79c4.76-0.703 9.361-0.709 13.803-0.019 4.453 0.765 8.038 1.999 10.758 3.689l-2.609 6.675c-2.603-1.413-5.832-2.511-9.687-3.288-3.846-0.703-7.782-0.765-11.81-0.167-5.493 0.808-9.323 2.233-11.491 4.275-2.158 2.11-3.026 4.596-2.605 7.452 0.313 2.128 1.252 3.67 2.816 4.639 1.501 1.049 3.394 1.703 5.678 1.968 2.294 0.333 4.828 0.524 7.603 0.561 2.774 0.043 5.56 0.154 8.355 0.339 2.723 0.197 5.264 0.685 7.623 1.462 2.369 0.845 4.396 2.153 6.079 3.929 1.609 1.783 2.657 4.318 3.143 7.618 0.465 3.146 0.001 6.095-1.389 8.846-1.39 2.745-3.668 5.064-6.831 6.952-3.226 1.974-7.293 3.319-12.199 4.047-3.735 0.549-7.546 0.586-11.431 0.111-3.875-0.401-7.14-1.228-9.794-2.486l2.482-6.761c2.822 1.382 5.752 2.221 8.789 2.517 3.048 0.376 6.037 0.345 8.966-0.086 5.2-0.765 8.909-2.245 11.129-4.441 2.158-2.116 3.031-4.565 2.621-7.347-0.324-2.196-1.237-3.818-2.738-4.873-1.575-1.036-3.515-1.764-5.82-2.171-2.367-0.327-4.902-0.512-7.602-0.561-2.775-0.043-5.528-0.197-8.262-0.469-2.796-0.185-5.374-0.666-7.732-1.437-2.421-0.691-4.437-1.931-6.047-3.714-1.672-1.696-2.74-4.121-3.205-7.273-0.497-3.368 0.023-6.44 1.561-9.21 1.474-2.683 3.904-4.99 7.287-6.909 3.321-1.838 7.507-3.128 12.561-3.868z",
          "M507.028 977.667c-4.738-0.037-8.875-0.993-12.414-2.868-3.613-1.807-6.405-4.565-8.375-8.285-2.044-3.714-3.044-8.389-3-14.015l0.262-33.86 7.883 0.056-0.255 33.089c-0.047 6.144 1.471 10.783 4.556 13.917 3.010 3.208 7.291 4.83 12.843 4.873 4.145 0.031 7.779-0.79 10.901-2.467 3.047-1.604 5.435-3.997 7.162-7.162 1.653-3.097 2.496-6.866 2.53-11.307l0.236-30.646 7.884 0.062-0.636 82.383-7.884-0.062 0.31-40.078 1.531 3.010c-1.883 4.201-4.87 7.476-8.959 9.808-4.090 2.412-8.948 3.596-14.573 3.553z",
          "M440.31 911.983c5.535 1.012 10.296 3.158 14.285 6.446 3.903 3.35 6.729 7.439 8.479 12.276 1.736 4.904 2.086 10.197 1.047 15.878-1.052 5.755-3.252 10.579-6.599 14.484s-7.433 6.693-12.254 8.371c-4.822 1.678-10.036 2.005-15.643 0.981-5.679-1.043-10.477-3.195-14.394-6.471-3.989-3.288-6.823-7.341-8.499-12.165-1.75-4.836-2.099-10.129-1.047-15.878 1.038-5.681 3.238-10.511 6.599-14.484 3.275-3.917 7.366-6.742 12.274-8.482 4.895-1.666 10.146-1.98 15.752-0.956zM439.052 918.861c-4.151-0.759-7.995-0.518-11.531 0.716-3.551 1.308-6.542 3.467-8.975 6.483-2.519 3.078-4.185 6.841-4.997 11.283-0.826 4.509-0.598 8.618 0.683 12.313 1.208 3.683 3.247 6.724 6.119 9.136 2.857 2.474 6.325 4.090 10.403 4.836 4.078 0.74 7.892 0.463 11.442-0.845 3.537-1.234 6.558-3.356 9.064-6.36s4.171-6.761 4.997-11.276c0.812-4.441 0.585-8.544-0.683-12.313-1.281-3.695-3.35-6.786-6.208-9.265-2.872-2.406-6.309-3.973-10.314-4.707z",
          "M369.391 892.527c4.719 1.752 8.589 4.411 11.608 7.976 2.993 3.64 4.876 7.927 5.647 12.874 0.676 4.984-0.093 10.462-2.308 16.433-2.214 5.965-5.192 10.585-8.932 13.861-3.765 3.337-7.956 5.373-12.572 6.113-4.615 0.734-9.317 0.216-14.107-1.561-5.205-1.931-9.418-4.836-12.637-8.716-3.314-3.831-5.366-8.303-6.155-13.417-0.815-5.034-0.205-10.296 1.829-15.779 2.060-5.552 5.042-9.975 8.946-13.263s8.377-5.342 13.416-6.156c4.971-0.839 10.058-0.296 15.264 1.635zM404.903 883.317l-27.769 74.851-7.079-2.628 6.102-16.446 4.784-10.666 3.053-11.418 13.517-36.438 7.391 2.745zM367.478 899.282c-3.887-1.443-7.679-1.863-11.376-1.265-3.723 0.672-7.079 2.27-10.068 4.793-3.015 2.597-5.308 6.008-6.878 10.24-1.571 4.238-2.046 8.285-1.426 12.146s2.122 7.261 4.506 10.197c2.384 2.936 5.52 5.126 9.407 6.57 3.887 1.437 7.726 1.838 11.519 1.191 3.723-0.672 7.079-2.27 10.069-4.793 2.92-2.548 5.164-5.94 6.735-10.172s2.094-8.303 1.569-12.208c-0.62-3.862-2.123-7.261-4.507-10.197-2.479-2.893-5.662-5.064-9.549-6.502z",
          "M246.301 894.39c-3.891-2.702-6.769-5.829-8.632-9.376-1.966-3.528-2.714-7.378-2.245-11.56 0.409-4.219 2.218-8.642 5.427-13.263l19.318-27.815 6.476 4.497-18.875 27.173c-3.504 5.046-4.867 9.734-4.087 14.058 0.677 4.349 3.297 8.106 7.857 11.27 3.405 2.363 6.87 3.732 10.395 4.108 3.422 0.395 6.74-0.234 9.954-1.875 3.111-1.622 5.934-4.263 8.467-7.908l17.481-25.174 6.475 4.497-33.252 47.881-6.202-4.306 9.12-13.133-0.707 3.158c-3.927 2.412-8.238 3.43-12.933 3.053-4.738-0.315-9.418-2.079-14.039-5.287z",
          "M228.33 802.662c4.007 3.948 6.736 8.402 8.185 13.361 1.345 4.966 1.381 9.938 0.109 14.916-1.324 5.034-4.013 9.611-8.067 13.719-4.105 4.17-8.639 6.921-13.603 8.266s-9.91 1.357-14.841 0.031c-4.93-1.326-9.425-3.991-13.485-7.988-4.113-4.053-6.867-8.537-8.264-13.448-1.45-4.96-1.512-9.907-0.186-14.836 1.272-4.978 3.961-9.555 8.066-13.719 4.053-4.108 8.587-6.866 13.603-8.266 4.91-1.394 9.883-1.431 14.918-0.105 4.983 1.376 9.504 4.065 13.564 8.069zM223.42 807.64c-3.005-2.961-6.317-4.923-9.937-5.891-3.671-0.919-7.36-0.814-11.069 0.315-3.813 1.123-7.305 3.294-10.475 6.514-3.222 3.269-5.342 6.792-6.362 10.567-1.072 3.72-1.098 7.384-0.077 10.993 0.968 3.652 2.93 6.94 5.882 9.845 2.953 2.912 6.265 4.824 9.936 5.737 3.619 0.968 7.309 0.919 11.070-0.154s7.253-3.245 10.474-6.514c3.17-3.22 5.291-6.742 6.362-10.567 1.019-3.775 1.045-7.495 0.076-11.153-1.021-3.603-2.981-6.835-5.881-9.691z",
          "M190.871 762.831l-35.717 51.046-4.261-6.23 33.362-47.018 1.943 2.844-56.236 13.559-3.823-5.595 33.174-47.283 1.943 2.838-56.111 13.744-4.073-5.959 60.597-14.657 4.199 6.144-30.954 44.828-1.316-1.925 53.077-12.473 4.198 6.138z",
          "M131.712 654.404c1.674 4.509 2.633 9.006 2.876 13.497 0.175 4.515-0.284 8.278-1.378 11.289l-7.066-1.172c0.842-2.838 1.244-6.224 1.205-10.154-0.107-3.911-0.869-7.773-2.285-11.591-1.931-5.2-4.119-8.655-6.565-10.351-2.516-1.672-5.126-2.011-7.833-1.005-2.013 0.746-3.33 1.986-3.951 3.714-0.717 1.69-0.966 3.677-0.749 5.965 0.147 2.313 0.49 4.83 1.026 7.557 0.537 2.72 1.003 5.465 1.401 8.241 0.371 2.702 0.423 5.293 0.154 7.76-0.338 2.492-1.199 4.744-2.584 6.761-1.41 1.943-3.677 3.498-6.8 4.651-2.984 1.11-5.965 1.265-8.943 0.475s-5.718-2.535-8.221-5.237c-2.598-2.751-4.76-6.446-6.485-11.097-1.313-3.541-2.141-7.261-2.482-11.159-0.411-3.874-0.278-7.242 0.399-10.098l7.132 1.030c-0.764 3.047-0.979 6.088-0.643 9.117 0.266 3.060 0.914 5.977 1.944 8.753 1.828 4.929 4.047 8.254 6.658 9.969 2.516 1.672 5.092 2.017 7.729 1.043 2.082-0.777 3.481-2.005 4.198-3.689 0.69-1.758 0.997-3.806 0.919-6.144-0.174-2.387-0.516-4.904-1.026-7.557-0.536-2.72-0.956-5.447-1.258-8.18-0.397-2.77-0.461-5.391-0.193-7.859 0.173-2.517 0.965-4.744 2.376-6.687 1.315-1.986 3.465-3.535 6.449-4.645 3.192-1.184 6.303-1.308 9.333-0.382 2.934 0.888 5.691 2.788 8.272 5.7 2.485 2.868 4.616 6.693 6.393 11.486z",
          "M55.953 604.668c-0.941-4.643-0.858-8.89 0.25-12.74 1.021-3.908 3.146-7.209 6.377-9.903 3.216-2.766 7.581-4.708 13.094-5.825l33.192-6.725 1.566 7.726-32.429 6.571c-6.022 1.22-10.247 3.662-12.677 7.327-2.517 3.607-3.224 8.131-2.121 13.572 0.824 4.063 2.378 7.449 4.664 10.158 2.199 2.649 5.027 4.494 8.486 5.53 3.371 0.981 7.232 1.030 11.585 0.148l30.035-6.087 1.566 7.728-80.748 16.359-1.566-7.729 39.286-7.958-2.63 2.122c-4.503-0.981-8.319-3.226-11.45-6.749-3.203-3.503-5.363-8.012-6.48-13.526z",
          "M106.439 525.932c0.152 5.624-0.969 10.727-3.363 15.308-2.47 4.51-5.889 8.12-10.259 10.83-4.444 2.712-9.552 4.146-15.324 4.301-5.846 0.158-11.023-0.998-15.533-3.468s-8.083-5.89-10.719-10.262c-2.636-4.372-4.031-9.407-4.185-15.105-0.156-5.772 0.964-10.912 3.36-15.419 2.394-4.582 5.777-8.191 10.149-10.827 4.37-2.71 9.478-4.143 15.323-4.301 5.772-0.156 10.949 1 15.533 3.467 4.508 2.396 8.118 5.816 10.83 10.26 2.638 4.446 4.034 9.518 4.188 15.216zM99.446 526.121c-0.114-4.218-1.14-7.93-3.078-11.136-2.012-3.203-4.744-5.684-8.198-7.443-3.53-1.83-7.552-2.684-12.066-2.562-4.588 0.124-8.558 1.194-11.909 3.21-3.354 1.942-5.912 4.566-7.674 7.872-1.836 3.308-2.698 7.034-2.586 11.178s1.174 7.818 3.186 11.022c1.938 3.206 4.635 5.725 8.090 7.557s7.478 2.686 12.066 2.562c4.514-0.122 8.484-1.192 11.909-3.21 3.352-2.016 5.946-4.678 7.782-7.986 1.762-3.306 2.588-6.993 2.478-11.064z",
          "M110.728 451.955c-0.735 4.979-2.535 9.316-5.4 13.010-2.938 3.683-6.746 6.415-11.424 8.195-4.74 1.697-10.26 2.082-16.558 1.155s-11.435-2.88-15.409-5.859c-4.048-2.99-6.91-6.666-8.586-11.028s-2.14-9.069-1.394-14.122c0.811-5.492 2.78-10.215 5.908-14.169 3.065-4.038 7.016-6.974 11.851-8.806 4.762-1.843 10.036-2.339 15.821-1.488 5.858 0.862 10.801 2.862 14.828 5.998s6.961 7.085 8.801 11.845c1.852 4.687 2.373 9.776 1.562 15.269zM127.095 484.778l-78.985-11.624 1.103-7.47 17.357 2.554 11.421 2.466 11.807 0.615 38.448 5.659-1.151 7.799zM103.726 451.485c0.605-4.101 0.23-7.897-1.125-11.389-1.429-3.503-3.686-6.453-6.774-8.853-3.161-2.41-6.975-3.944-11.442-4.602s-8.526-0.282-12.176 1.126c-3.65 1.408-6.665 3.583-9.045 6.525s-3.872 6.463-4.478 10.564c-0.605 4.101-0.199 7.939 1.218 11.515 1.428 3.502 3.687 6.453 6.774 8.853 3.099 2.326 6.882 3.818 11.349 4.475s8.557 0.324 12.269-1c3.65-1.408 6.665-3.583 9.045-6.525 2.318-3.026 3.779-6.589 4.385-10.69z",
          "M83.622 330.959c1.846-4.363 4.313-7.821 7.401-10.372 3.050-2.649 6.668-4.172 10.856-4.572 4.216-0.467 8.916 0.395 14.097 2.586l31.191 13.191-3.071 7.261-30.476-12.888c-5.659-2.393-10.526-2.764-14.6-1.111-4.115 1.555-7.253 4.89-9.416 10.003-1.615 3.818-2.244 7.49-1.887 11.017 0.317 3.43 1.61 6.548 3.878 9.356 2.229 2.711 5.389 4.931 9.48 6.662l28.225 11.936-3.071 7.261-53.69-22.706 2.942-6.954 14.726 6.228-3.237-0.043c-3.165-3.348-5.045-7.358-5.641-12.030-0.664-4.701 0.1-9.642 2.292-14.824z",
          "M169.669 294.61c-3.055 4.725-6.866 8.299-11.431 10.724-4.588 2.323-9.45 3.366-14.586 3.13-5.199-0.276-10.223-1.981-15.072-5.116-4.911-3.175-8.528-7.056-10.851-11.643s-3.335-9.429-3.036-14.525c0.298-5.096 1.995-10.037 5.090-14.823 3.136-4.848 6.966-8.454 11.491-10.817 4.566-2.425 9.397-3.489 14.493-3.19 5.137 0.236 10.161 1.941 15.072 5.116 4.849 3.135 8.465 7.016 10.851 11.643 2.363 4.525 3.406 9.387 3.13 14.585-0.339 5.158-2.056 10.131-5.151 14.916zM163.795 290.813c2.291-3.543 3.544-7.185 3.759-10.924 0.153-3.78-0.698-7.372-2.553-10.774-1.877-3.505-4.711-6.483-8.503-8.935-3.854-2.492-7.734-3.854-11.638-4.087-3.864-0.295-7.458 0.423-10.781 2.153-3.385 1.69-6.203 4.276-8.454 7.756s-3.453 7.111-3.605 10.891c-0.215 3.739 0.585 7.342 2.399 10.807s4.649 6.443 8.503 8.935c3.792 2.451 7.671 3.813 11.638 4.087 3.905 0.233 7.549-0.497 10.935-2.186 3.322-1.73 6.090-4.305 8.301-7.723z",
          "M200.871 249.872l-57.227-24.637 5.242-5.435 52.801 23.147-2.389 2.477-24.667-52.318 4.702-4.876 53.033 22.907-2.39 2.477-24.822-52.159 5.010-5.195 26.626 56.366-5.164 5.354-50.175-21.231 1.619-1.678 22.966 49.444-5.164 5.354z",
          "M293.989 170.293c-4.069 2.567-8.275 4.434-12.617 5.598-4.382 1.102-8.159 1.429-11.331 0.98l-0.314-7.154c2.952 0.238 6.348-0.067 10.189-0.915 3.802-0.911 7.424-2.453 10.867-4.626 4.695-2.963 7.621-5.816 8.778-8.559 1.118-2.806 0.906-5.43-0.635-7.871-1.146-1.815-2.63-2.849-4.451-3.1-1.798-0.353-3.795-0.188-5.989 0.497-2.234 0.622-4.627 1.476-7.18 2.561s-5.146 2.11-7.779 3.071c-2.57 0.922-5.090 1.505-7.56 1.751-2.511 0.184-4.894-0.194-7.15-1.134-2.194-0.979-4.179-2.877-5.958-5.694-1.699-2.691-2.469-5.575-2.31-8.652s1.303-6.118 3.432-9.125c2.152-3.108 5.325-5.986 9.519-8.633 3.193-2.015 6.662-3.591 10.408-4.73 3.706-1.201 7.027-1.765 9.962-1.691l0.468 7.189c-3.139-0.12-6.159 0.298-9.058 1.252-2.939 0.891-5.66 2.127-8.164 3.707-4.445 2.805-7.237 5.661-8.378 8.57-1.118 2.806-0.926 5.398 0.576 7.777 1.186 1.878 2.677 2.993 4.476 3.347 1.861 0.313 3.928 0.191 6.201-0.368 2.296-0.661 4.69-1.516 7.18-2.562 2.553-1.086 5.135-2.058 7.744-2.917 2.632-0.961 5.184-1.564 7.655-1.811 2.494-0.349 4.837-0.033 7.031 0.946 2.217 0.877 4.175 2.662 5.874 5.353 1.817 2.88 2.584 5.897 2.3 9.053-0.261 3.053-1.55 6.142-3.867 9.267-2.294 3.023-5.601 5.897-9.92 8.623z",
          "M328.193 85.151c4.35-1.878 8.522-2.671 12.518-2.38 4.034 0.193 7.703 1.593 11.005 4.198 3.371 2.576 6.171 6.447 8.401 11.611l13.427 31.091-7.238 3.125-13.119-30.377c-2.435-5.641-5.697-9.272-9.784-10.894-4.049-1.719-8.621-1.479-13.718 0.722-3.806 1.643-6.798 3.862-8.978 6.657-2.141 2.698-3.362 5.846-3.663 9.443-0.262 3.499 0.487 7.288 2.248 11.366l12.15 28.134-7.238 3.125-32.664-75.637 7.238-3.124 15.892 36.799-2.616-2.136c0.027-4.607 1.439-8.805 4.237-12.593 2.77-3.857 6.737-6.9 11.902-9.13z",
          "M414.423 118.611c-5.472 1.305-10.696 1.258-15.673-0.142-4.921-1.489-9.158-4.094-12.709-7.812-3.569-3.791-6.023-8.494-7.363-14.111-1.358-5.688-1.292-10.993 0.197-15.914s4.102-9.122 7.837-12.601c3.736-3.479 8.376-5.879 13.92-7.202 5.616-1.34 10.877-1.301 15.781 0.116 4.977 1.4 9.204 3.969 12.683 7.704 3.551 3.719 6.006 8.422 7.363 14.11 1.34 5.617 1.275 10.921-0.197 15.915-1.417 4.904-4.021 9.14-7.811 12.708-3.808 3.496-8.484 5.906-14.028 7.228zM412.798 111.807c4.105-0.98 7.526-2.747 10.264-5.303 2.722-2.628 4.587-5.813 5.597-9.555 1.064-3.831 1.072-7.942 0.024-12.334-1.065-4.464-2.93-8.129-5.592-10.994-2.59-2.883-5.684-4.846-9.282-5.89-3.615-1.117-7.439-1.194-11.471-0.231s-7.409 2.757-10.13 5.385c-2.739 2.556-4.649 5.713-5.731 9.472s-1.089 7.871-0.024 12.335c1.048 4.392 2.912 8.057 5.592 10.994 2.662 2.866 5.801 4.857 9.416 5.973 3.598 1.044 7.377 1.094 11.337 0.149z",
          "M486.142 107.627c-5.024 0.31-9.639-0.554-13.844-2.593-4.21-2.113-7.668-5.274-10.376-9.482-2.638-4.287-4.154-9.608-4.547-15.961s0.458-11.783 2.553-16.289c2.090-4.579 5.096-8.139 9.018-10.681s8.432-3.97 13.53-4.285c5.541-0.342 10.569 0.608 15.083 2.85 4.584 2.164 8.271 5.422 11.062 9.774 2.786 4.278 4.359 9.335 4.72 15.172 0.365 5.911-0.571 11.16-2.809 15.748s-5.496 8.276-9.774 11.062c-4.204 2.781-9.077 4.343-14.618 4.686zM457.404 130.429l-4.926-79.683 7.536-0.466 1.082 17.511-0.056 11.684 1.835 11.679 2.398 38.789-7.869 0.486zM485.156 100.68c4.138-0.255 7.775-1.408 10.911-3.456 3.132-2.121 5.554-4.941 7.265-8.458 1.706-3.591 2.42-7.641 2.141-12.147s-1.483-8.4-3.614-11.68c-2.131-3.28-4.881-5.78-8.251-7.5s-7.123-2.452-11.26-2.196c-4.137 0.256-7.81 1.447-11.015 3.573-3.132 2.122-5.554 4.942-7.264 8.459-1.637 3.512-2.316 7.523-2.038 12.030s1.448 8.439 3.511 11.798c2.131 3.28 4.881 5.78 8.251 7.5 3.439 1.641 7.227 2.335 11.365 2.079z",
          "M601.619 56.034c4.651 0.905 8.542 2.606 11.677 5.101 3.221 2.437 5.459 5.663 6.712 9.677 1.326 4.029 1.456 8.805 0.376 14.327l-6.471 33.242-7.738-1.506 6.324-32.479c1.175-6.030 0.533-10.869-1.925-14.515-2.371-3.704-6.28-6.087-11.73-7.148-4.069-0.792-7.792-0.65-11.169 0.427-3.29 1.018-6.076 2.927-8.355 5.726-2.193 2.741-3.714 6.29-4.562 10.65l-5.858 30.081-7.738-1.506 11.142-57.219 7.411 1.443-3.056 15.694-0.626-3.176c2.623-3.788 6.159-6.455 10.608-8.002 4.464-1.62 9.456-1.892 14.978-0.817z",
          "M654.607 132.54c-5.25-2.016-9.537-5.007-12.849-8.975-3.22-4.010-5.243-8.552-6.070-13.627-0.796-5.144-0.167-10.411 1.906-15.802 2.091-5.459 5.145-9.798 9.16-13.017 4.010-3.218 8.537-5.206 13.583-5.965 5.052-0.758 10.234-0.116 15.557 1.926 5.391 2.069 9.709 5.074 12.954 9.014 3.313 3.968 5.348 8.475 6.107 13.524 0.827 5.074 0.191 10.342-1.906 15.801-2.067 5.391-5.12 9.729-9.154 13.017-3.942 3.245-8.488 5.268-13.633 6.069-5.114 0.732-10.333 0.076-15.656-1.965zM657.112 126.009c3.942 1.512 7.76 1.988 11.468 1.427 3.732-0.63 7.069-2.203 10.018-4.719 3.041-2.558 5.373-5.945 6.995-10.161 1.641-4.285 2.178-8.361 1.598-12.23-0.506-3.842-1.949-7.21-4.324-10.105-2.35-2.963-5.465-5.188-9.333-6.673-3.874-1.485-7.674-1.913-11.4-1.283-3.707 0.561-7.069 2.086-10.086 4.575s-5.348 5.877-6.989 10.161c-1.622 4.216-2.153 8.293-1.604 12.23 0.574 3.868 2.042 7.285 4.392 10.249 2.375 2.894 5.465 5.071 9.265 6.53z",
          "M706.097 154.499l12.522-61.028 6.385 4.029-11.961 56.393-2.912-1.837 46.24-34.765 5.725 3.615-11.677 56.57-2.912-1.836 46.049-34.883 6.101 3.852-49.8 37.503-6.292-3.97 10.616-53.434 1.974 1.245-43.767 32.516-6.292-3.97z",
          "M803.032 229.748c-3.343-3.464-6.027-7.203-8.044-11.218-1.968-4.067-3.053-7.699-3.257-10.895l6.94-1.759c0.37 2.938 1.357 6.201 2.967 9.79 1.659 3.538 3.905 6.772 6.73 9.702 3.855 3.996 7.242 6.283 10.166 6.859 2.973 0.526 5.502-0.214 7.581-2.218 1.542-1.49 2.252-3.152 2.128-4.987-0.019-1.833-0.586-3.754-1.696-5.763-1.067-2.061-2.387-4.231-3.966-6.511-1.585-2.28-3.109-4.61-4.589-6.993-1.419-2.329-2.504-4.678-3.245-7.047-0.691-2.421-0.802-4.831-0.339-7.23 0.512-2.347 1.968-4.676 4.367-6.988 2.289-2.209 4.96-3.548 8.001-4.016 3.047-0.468 6.255 0.035 9.635 1.509 3.479 1.477 6.94 4 10.382 7.57 2.622 2.717 4.873 5.794 6.749 9.231 1.925 3.385 3.152 6.522 3.677 9.411l-6.946 1.915c-0.524-3.098-1.542-5.969-3.066-8.615-1.468-2.696-3.232-5.11-5.287-7.241-3.646-3.783-7.014-5.938-10.092-6.465-2.973-0.525-5.472 0.189-7.501 2.141-1.598 1.542-2.387 3.228-2.369 5.061 0.074 1.886 0.611 3.885 1.622 5.997 1.11 2.114 2.43 4.284 3.96 6.51 1.585 2.28 3.060 4.61 4.429 6.99 1.474 2.383 2.585 4.759 3.325 7.128 0.851 2.371 1.018 4.73 0.5 7.076-0.407 2.348-1.758 4.627-4.047 6.836-2.455 2.363-5.25 3.726-8.402 4.087-3.041 0.364-6.329-0.272-9.858-1.907-3.43-1.632-6.915-4.287-10.456-7.963z",
          "M892.718 245.129c2.733 3.871 4.367 7.792 4.898 11.762 0.642 3.988 0.025 7.865-1.851 11.631-1.826 3.827-5.040 7.362-9.642 10.604l-27.673 19.517-4.546-6.442 27.043-19.070c5.021-3.541 7.902-7.477 8.655-11.809 0.851-4.314-0.321-8.74-3.522-13.277-2.393-3.387-5.176-5.861-8.359-7.42-3.084-1.542-6.415-2.091-9.999-1.647-3.479 0.461-7.032 1.971-10.659 4.531l-25.045 17.662-4.546-6.442 67.331-47.482 4.546 6.443-32.762 23.1 1.555-2.998c4.515-0.919 8.914-0.398 13.201 1.564 4.343 1.919 8.13 5.177 11.375 9.774z",
          "M878.154 337.277c-2.406-5.087-3.43-10.209-3.084-15.367 0.444-5.122 2.122-9.803 5.034-14.042 2.979-4.271 7.075-7.638 12.3-10.103 5.287-2.496 10.493-3.522 15.613-3.075 5.126 0.447 9.771 2.141 13.947 5.083 4.17 2.942 7.47 6.99 9.907 12.144 2.467 5.221 3.51 10.377 3.128 15.467-0.345 5.158-1.992 9.822-4.935 13.994-2.905 4.239-7.008 7.607-12.294 10.103-5.225 2.465-10.425 3.49-15.619 3.075-5.089-0.38-9.771-2.058-14.040-5.035-4.207-3.008-7.526-7.090-9.956-12.244zM884.477 334.291c1.801 3.815 4.238 6.801 7.298 8.956 3.134 2.124 6.631 3.295 10.505 3.515 3.966 0.255 7.995-0.581 12.072-2.509 4.152-1.959 7.359-4.536 9.617-7.73 2.289-3.127 3.572-6.559 3.855-10.294 0.352-3.767-0.364-7.525-2.134-11.273-1.764-3.749-4.219-6.684-7.347-8.808-3.066-2.155-6.551-3.376-10.45-3.662s-7.927 0.55-12.078 2.509c-4.084 1.928-7.285 4.504-9.611 7.73-2.258 3.194-3.559 6.675-3.911 10.441-0.284 3.735 0.444 7.444 2.184 11.125z",
          "M903.513 405.257c-1.332-4.854-1.437-9.547-0.302-14.081 1.203-4.554 3.584-8.587 7.149-12.1 3.652-3.462 8.55-6.037 14.688-7.725s11.628-1.97 16.47-0.844c4.91 1.106 9.012 3.318 12.3 6.635 3.294 3.317 5.62 7.438 6.971 12.362 1.474 5.353 1.579 10.469 0.308 15.347-1.178 4.93-3.609 9.207-7.298 12.831-3.615 3.604-8.241 6.182-13.88 7.733-5.706 1.571-11.036 1.731-15.989 0.482-4.947-1.249-9.228-3.681-12.831-7.296-3.584-3.544-6.113-7.992-7.587-13.345zM875.298 381.808l76.979-21.171 1.999 7.28-16.915 4.652-11.449 2.342-11.054 4.192-37.469 10.306-2.091-7.602zM910.114 402.866c1.098 3.997 2.973 7.32 5.62 9.97 2.72 2.63 5.977 4.421 9.771 5.374 3.862 0.933 7.976 0.801 12.325-0.396 4.355-1.198 7.921-3.176 10.69-5.934 2.776-2.759 4.657-5.963 5.651-9.614 0.987-3.651 0.938-7.475-0.167-11.471-1.098-3.997-3.016-7.346-5.755-10.048-2.72-2.63-5.977-4.421-9.771-5.374-3.775-0.881-7.834-0.723-12.189 0.474s-7.964 3.15-10.826 5.857c-2.776 2.759-4.657 5.963-5.651 9.614-0.901 3.702-0.802 7.552 0.302 11.549z"
        ],
        "attrs": [],
        "grid": 0,
        "tags": [
          "pc_btn_text"
        ]
      },
      "attrs": [],
      "properties": {
        "order": 51,
        "id": 4,
        "name": "pc_btn_text",
        "prevSize": 32
      },
      "setIdx": 1,
      "setId": 3,
      "iconIdx": 8
    },
    {
      "icon": {
        "paths": [
          "M842.617 200.551l-107.107-106.994c-13.074-13.073-30.574-20.413-49.079-20.413s-36.005 7.24-49.079 20.413l-115.357 115.14c-13.074 13.072-20.414 30.67-20.414 49.173 0 18.604 7.241 36 20.414 49.173l90.112 90.2c-20.528 47.824-50.022 91.279-86.894 128.015-36.912 37.105-80.055 66.366-127.927 87.084l-90.113-90.203c-13.074-13.071-30.574-20.414-49.079-20.414-9.127-0.033-18.17 1.755-26.598 5.263-8.428 3.504-16.071 8.656-22.481 15.152l-115.457 115.141c-13.074 13.071-20.416 30.669-20.416 49.174 0 18.6 7.241 35.997 20.416 49.17l107.009 106.997c22.327 22.323 53.102 35.094 84.682 35.094 6.537 0 12.873-0.501 19.31-1.609 133.157-21.921 265.308-92.815 372.016-199.409 106.606-106.792 177.408-238.925 199.534-372.167 6.334-37.81-6.338-76.726-33.492-103.978zM804.802 292.562c-19.61 118.559-83.372 236.816-179.419 332.849-96.044 96.033-214.217 159.788-332.792 179.397-14.885 2.512-30.172-2.512-41.034-13.275l-105.098-105.081 111.434-111.521 121.389 121.574 21.723-8.046c65.869-24.214 125.681-62.457 175.298-112.084 49.613-49.624 87.845-109.444 112.037-175.312l8.046-21.72-121.49-121.374 111.433-111.52 105.099 105.084c10.862 10.86 15.89 26.145 13.374 41.028z"
        ],
        "attrs": [],
        "grid": 0,
        "tags": [
          "pc_tel"
        ]
      },
      "attrs": [],
      "properties": {
        "order": 52,
        "id": 3,
        "name": "pc_tel",
        "prevSize": 32
      },
      "setIdx": 1,
      "setId": 3,
      "iconIdx": 9
    },
    {
      "icon": {
        "paths": [
          "M1022.134 178.989c1.806-11.4-5.973-22.104-17.372-23.91l-185.766-29.422c-11.4-1.806-22.104 5.972-23.909 17.372s5.973 22.104 17.372 23.91l165.125 26.153-26.154 165.125c-1.806 11.4 5.973 22.104 17.37 23.909 11.4 1.806 22.106-5.971 23.911-17.37l29.422-185.766zM33.182 905.070l980.595-712.443-24.568-33.814-980.595 712.444 24.567 33.813z"
        ],
        "attrs": [],
        "grid": 0,
        "tags": [
          "tab_btn_errow"
        ]
      },
      "attrs": [],
      "properties": {
        "order": 53,
        "id": 2,
        "name": "tab_btn_errow",
        "prevSize": 32
      },
      "setIdx": 1,
      "setId": 3,
      "iconIdx": 10
    },
    {
      "icon": {
        "paths": [
          "M905.646 537.655c0.348-5.314 1.42-10.293 3.202-14.937 1.864-4.639 4.028-8.233 6.492-10.78l6.615 4.374c-2.137 2.488-4.076 5.726-5.816 9.717-1.659 3.996-2.635 8.242-2.929 12.737-0.403 6.131 0.246 10.607 1.952 13.428 1.782 2.826 4.267 4.344 7.455 4.553 2.369 0.156 4.26-0.5 5.673-1.967 1.488-1.38 2.635-3.275 3.454-5.685 0.894-2.404 1.686-5.102 2.376-8.094s1.461-5.979 2.314-8.961c0.847-2.9 1.966-5.536 3.352-7.907 1.468-2.367 3.359-4.254 5.666-5.663 2.307-1.326 5.297-1.869 8.977-1.627 3.516 0.231 6.595 1.418 9.243 3.562 2.656 2.144 4.628 5.147 5.939 9.010 1.379 3.949 1.891 8.662 1.529 14.139-0.273 4.169-1.12 8.301-2.54 12.394-1.331 4.099-2.99 7.438-4.963 10.018l-6.745-4.26c2.15-2.733 3.741-5.706 4.779-8.922 1.113-3.211 1.775-6.451 1.993-9.721 0.382-5.803-0.362-10.162-2.219-13.076-1.789-2.826-4.233-4.341-7.339-4.545-2.451-0.16-4.424 0.449-5.912 1.829-1.488 1.462-2.724 3.393-3.7 5.791-0.901 2.486-1.7 5.184-2.383 8.094-0.689 2.993-1.495 5.936-2.423 8.83-0.853 2.982-1.973 5.659-3.366 8.030-1.311 2.459-3.113 4.352-5.42 5.678-2.225 1.414-5.1 2.005-8.615 1.774-3.761-0.246-6.956-1.524-9.598-3.831-2.56-2.221-4.492-5.385-5.782-9.492-1.208-4.020-1.632-8.85-1.263-14.49z",
          "M958.935 622.399c-1.236 5.095-3.311 9.312-6.233 12.65-2.86 3.437-6.54 5.748-11.039 6.932-4.526 1.264-9.81 1.163-15.858-0.304l-36.427-8.83 2.062-8.478 35.587 8.627c6.608 1.602 11.988 1.137 16.145-1.396 4.212-2.434 7.045-6.636 8.499-12.607 1.079-4.458 1.113-8.58 0.096-12.368-0.963-3.688-2.929-6.863-5.905-9.524-2.922-2.562-6.765-4.422-11.544-5.58l-32.959-7.99 2.055-8.478 88.61 21.481-2.055 8.478-43.11-10.451 3.625-0.89c4.055 3.090 6.827 7.134 8.308 12.13 1.57 5.015 1.611 10.548 0.143 16.598z",
          "M870.448 677.177c2.642-5.639 6.281-10.131 10.923-13.479 4.683-3.238 9.858-5.115 15.524-5.632 5.741-0.481 11.51 0.63 17.299 3.335 5.864 2.739 10.411 6.447 13.653 11.125 3.236 4.677 5.072 9.831 5.516 15.465 0.437 5.625-0.683 11.298-3.352 17.012-2.71 5.789-6.369 10.315-10.977 13.592-4.642 3.345-9.776 5.243-15.415 5.68-5.666 0.519-11.435-0.594-17.292-3.331-5.789-2.703-10.342-6.417-13.653-11.127-3.277-4.601-5.147-9.776-5.632-15.51-0.403-5.707 0.73-11.414 3.407-17.129zM877.459 680.454c-1.98 4.226-2.806 8.411-2.478 12.541 0.403 4.164 1.877 7.974 4.424 11.421 2.587 3.564 6.144 6.397 10.67 8.513 4.601 2.15 9.059 3.058 13.38 2.724 4.28-0.259 8.11-1.591 11.496-3.987 3.454-2.362 6.158-5.618 8.103-9.776s2.717-8.315 2.314-12.479c-0.328-4.137-1.748-7.962-4.26-11.486-2.505-3.525-6.062-6.361-10.67-8.511-4.526-2.116-8.984-3.024-13.373-2.724-4.321 0.334-8.206 1.683-11.66 4.045-3.386 2.398-6.035 5.637-7.946 9.718z",
          "M829.433 746.435c3.297-4.492 7.298-7.803 12.015-9.94 4.779-2.082 9.919-2.785 15.415-2.109 5.516 0.792 11.121 3.263 16.8 7.427 5.687 4.164 9.701 8.731 12.049 13.701 2.417 5.018 3.318 10.090 2.697 15.223-0.614 5.134-2.594 9.981-5.939 14.534-3.632 4.956-8.001 8.561-13.107 10.813-5.093 2.362-10.472 3.195-16.152 2.485-5.618-0.655-11.032-2.901-16.254-6.724-5.291-3.871-9.093-8.383-11.407-13.53-2.321-5.154-3.147-10.534-2.485-16.138 0.608-5.543 2.731-10.793 6.369-15.742zM830.396 705.864l71.277 52.197-4.943 6.738-15.66-11.469-9.905-8.322-11.237-6.704-34.693-25.409 5.161-7.031zM836.041 750.51c-2.717 3.7-4.308 7.605-4.792 11.721-0.41 4.164 0.273 8.219 2.048 12.165 1.85 3.994 4.785 7.462 8.82 10.417 4.035 2.949 8.199 4.683 12.5 5.188 4.301 0.512 8.376-0.055 12.227-1.707 3.85-1.645 7.134-4.321 9.844-8.021 2.717-3.693 4.301-7.66 4.765-11.892 0.416-4.164-0.273-8.219-2.048-12.158-1.83-3.878-4.758-7.298-8.793-10.247-4.035-2.956-8.206-4.745-12.527-5.366-4.301-0.512-8.369 0.061-12.227 1.707-3.83 1.761-7.107 4.492-9.817 8.192z",
          "M792.317 877.172c-4.151 3.209-8.404 5.202-12.773 5.98-4.383 0.901-8.697 0.41-12.957-1.481-4.321-1.836-8.383-5.216-12.199-10.138l-22.931-29.641 6.902-5.338 22.412 28.966c4.157 5.373 8.656 8.376 13.483 8.991 4.813 0.73 9.653-0.778 14.513-4.533 3.632-2.806 6.233-6.001 7.803-9.598 1.556-3.475 2-7.182 1.338-11.121-0.683-3.823-2.526-7.68-5.53-11.564l-20.76-26.822 6.909-5.338 39.479 51.023-6.615 5.106-10.827-13.995 3.099 1.802c1.236 4.943 0.874 9.83-1.085 14.657-1.911 4.895-5.332 9.243-10.26 13.046z",
          "M689.671 864.447c5.571-2.778 11.216-4.041 16.93-3.782 5.687 0.369 10.909 2.116 15.667 5.229 4.806 3.188 8.636 7.639 11.489 13.353 2.895 5.789 4.157 11.523 3.796 17.196-0.369 5.68-2.13 10.861-5.277 15.544-3.154 4.69-7.55 8.438-13.196 11.257-5.714 2.854-11.394 4.137-17.039 3.837-5.721-0.259-10.923-1.959-15.613-5.113-4.764-3.113-8.593-7.571-11.488-13.353-2.858-5.721-4.123-11.448-3.792-17.203 0.293-5.639 2.034-10.854 5.222-15.654 3.225-4.724 7.662-8.492 13.3-11.312zM693.139 871.376c-4.178 2.082-7.421 4.847-9.735 8.288-2.27 3.516-3.479 7.414-3.626 11.701-0.184 4.396 0.842 8.827 3.080 13.298 2.273 4.54 5.202 8.021 8.793 10.438 3.516 2.458 7.345 3.796 11.489 4.021 4.178 0.294 8.322-0.587 12.425-2.635s7.291-4.833 9.564-8.342c2.307-3.447 3.57-7.325 3.796-11.646 0.218-4.321-0.812-8.759-3.079-13.298-2.239-4.471-5.168-7.946-8.8-10.445-3.591-2.417-7.475-3.775-11.653-4.069-4.137-0.218-8.226 0.676-12.254 2.69z",
          "M635.085 888.723l39.303 56.661-8.105 2.028-36.022-52.668 3.695-0.928-7.486 63.57-7.271 1.823-36.379-52.579 3.695-0.928-7.248 63.508-7.748 1.939 8.018-68.512 7.987-2 34.677 49.329-2.503 0.628 7.399-59.87 7.987-2z",
          "M499.154 906.479c5.323 0.164 10.336 1.058 15.039 2.676 4.701 1.7 8.367 3.741 10.998 6.117l-4.143 6.758c-2.559-2.048-5.863-3.871-9.912-5.468-4.052-1.522-8.329-2.348-12.832-2.485-6.141-0.191-10.592 0.614-13.352 2.41-2.763 1.884-4.194 4.424-4.292 7.619-0.074 2.369 0.647 4.239 2.163 5.598 1.431 1.434 3.364 2.519 5.801 3.249 2.434 0.812 5.158 1.516 8.172 2.096 3.014 0.587 6.026 1.256 9.035 2 2.928 0.744 5.601 1.775 8.019 3.079 2.416 1.386 4.368 3.209 5.855 5.461 1.406 2.26 2.051 5.229 1.937 8.916-0.109 3.523-1.189 6.642-3.24 9.366s-4.984 4.806-8.799 6.246c-3.899 1.516-8.591 2.191-14.077 2.021-4.176-0.13-8.334-0.833-12.475-2.103-4.142-1.195-7.537-2.737-10.184-4.622l4.024-6.881c2.805 2.055 5.833 3.543 9.082 4.458 3.247 1.004 6.509 1.556 9.784 1.659 5.814 0.177 10.144-0.717 12.991-2.676 2.763-1.884 4.192-4.376 4.289-7.489 0.076-2.458-0.601-4.403-2.032-5.844-1.513-1.44-3.484-2.608-5.915-3.502-2.516-0.812-5.24-1.509-8.172-2.096-3.015-0.58-5.984-1.29-8.909-2.116-3.009-0.751-5.723-1.775-8.141-3.079-2.503-1.222-4.457-2.963-5.863-5.222-1.49-2.178-2.18-5.024-2.071-8.547 0.116-3.768 1.282-7.011 3.497-9.728 2.131-2.635 5.226-4.669 9.286-6.103 3.976-1.352 8.789-1.946 14.438-1.768z",
          "M416.688 962.608c-5.134-1.065-9.42-2.99-12.856-5.796-3.533-2.737-5.968-6.335-7.305-10.793-1.417-4.471-1.495-9.755-0.234-15.858l7.591-36.7 8.544 1.768-7.416 35.854c-1.377 6.663-0.729 12.022 1.944 16.090 2.576 4.123 6.872 6.813 12.889 8.055 4.493 0.928 8.615 0.812 12.366-0.335 3.654-1.085 6.761-3.161 9.32-6.233 2.462-3.004 4.19-6.915 5.186-11.728l6.869-33.212 8.544 1.761-18.465 89.293-8.544-1.768 8.984-43.438 1.012 3.598c-2.951 4.157-6.898 7.066-11.842 8.724-4.96 1.734-10.488 1.973-16.586 0.717z",
          "M359.676 876.38c5.735 2.423 10.361 5.891 13.878 10.397 3.41 4.553 5.477 9.653 6.202 15.299 0.693 5.714-0.206 11.517-2.697 17.401-2.523 5.96-6.063 10.643-10.621 14.056-4.557 3.407-9.643 5.441-15.256 6.089-5.614 0.655-11.325-0.246-17.136-2.703-5.885-2.485-10.549-5.973-13.991-10.452-3.517-4.506-5.6-9.564-6.25-15.176-0.724-5.646 0.175-11.448 2.698-17.408 2.491-5.878 6.031-10.568 10.62-14.049 4.482-3.447 9.583-5.516 15.304-6.205 5.689-0.621 11.439 0.294 17.249 2.751zM356.658 883.507c-4.301-1.816-8.511-2.485-12.63-2-4.151 0.56-7.903 2.171-11.259 4.847-3.463 2.717-6.169 6.376-8.117 10.977-1.98 4.676-2.723 9.168-2.231 13.462 0.418 4.267 1.888 8.049 4.409 11.339 2.49 3.359 5.847 5.939 10.073 7.721 4.226 1.789 8.414 2.403 12.564 1.843 4.119-0.485 7.894-2.048 11.325-4.69 3.431-2.635 6.136-6.294 8.117-10.977 1.948-4.601 2.692-9.086 2.231-13.462-0.493-4.301-1.985-8.131-4.474-11.496-2.522-3.29-5.858-5.809-10.008-7.564z",
          "M289.005 837.973c4.611 3.127 8.069 7.004 10.372 11.633 2.258 4.697 3.148 9.803 2.671 15.319-0.591 5.536-2.864 11.216-6.822 17.046s-8.378 10.008-13.263 12.541c-4.931 2.594-9.974 3.68-15.131 3.249-5.156-0.423-10.074-2.225-14.754-5.393-5.086-3.447-8.847-7.68-11.284-12.698-2.55-4.99-3.575-10.336-3.074-16.036 0.455-5.625 2.5-11.121 6.135-16.473 3.681-5.42 8.055-9.387 13.122-11.892 5.066-2.499 10.416-3.529 16.049-3.072 5.566 0.403 10.892 2.335 15.978 5.775zM329.617 837.441l-49.624 73.1-6.917-4.69 10.905-16.063 7.959-10.192 6.299-11.462 24.157-35.587 7.222 4.895zM285.166 844.725c-3.798-2.574-7.764-4.021-11.898-4.349-4.18-0.259-8.21 0.567-12.090 2.492-3.926 1.993-7.292 5.052-10.099 9.189s-4.387 8.356-4.74 12.67c-0.354 4.314 0.364 8.363 2.151 12.145s4.581 6.963 8.378 9.537c3.798 2.574 7.821 4.014 12.069 4.321 4.18 0.259 8.21-0.573 12.090-2.499 3.812-1.966 7.121-5.018 9.928-9.155 2.806-4.13 4.443-8.369 4.911-12.704 0.353-4.308-0.364-8.356-2.152-12.145-1.901-3.761-4.751-6.929-8.548-9.503z",
          "M157.034 805.779c-3.357-4.028-5.508-8.206-6.452-12.541-1.059-4.342-0.723-8.67 1.009-12.984 1.68-4.383 4.912-8.567 9.698-12.547l28.808-23.975 5.587 6.704-28.147 23.422c-5.226 4.349-8.060 8.943-8.501 13.79-0.557 4.833 1.132 9.605 5.066 14.322 2.938 3.529 6.232 6.007 9.884 7.448 3.536 1.427 7.262 1.734 11.176 0.928 3.798-0.819 7.587-2.799 11.365-5.939l26.069-21.695 5.587 6.697-49.588 41.267-5.351-6.417 13.601-11.319-1.685 3.161c-4.9 1.413-9.801 1.229-14.701-0.553-4.963-1.734-9.438-4.99-13.425-9.769z",
          "M166.112 703.051c2.989 5.461 4.461 11.052 4.416 16.773-0.156 5.687-1.703 10.964-4.639 15.838-3.009 4.908-7.317 8.895-12.924 11.96-5.68 3.099-11.364 4.574-17.054 4.417-5.69-0.164-10.937-1.727-15.742-4.704s-8.72-7.229-11.749-12.766c-3.068-5.605-4.56-11.23-4.476-16.876 0.045-5.721 1.556-10.977 4.532-15.783 2.937-4.867 7.244-8.854 12.924-11.96 5.607-3.058 11.292-4.533 17.054-4.417 5.65 0.089 10.934 1.638 15.849 4.649 4.844 3.045 8.78 7.339 11.808 12.868zM159.318 706.765c-2.242-4.096-5.126-7.236-8.654-9.414-3.6-2.144-7.545-3.209-11.835-3.195-4.401-0.027-8.795 1.161-13.18 3.557-4.457 2.437-7.828 5.489-10.112 9.168-2.324 3.598-3.519 7.475-3.585 11.619-0.139 4.185 0.893 8.288 3.096 12.308 2.202 4.028 5.104 7.107 8.703 9.25 3.528 2.178 7.457 3.297 11.786 3.359s8.723-1.12 13.18-3.557c4.385-2.396 7.756-5.455 10.112-9.168 2.285-3.673 3.496-7.605 3.635-11.783 0.067-4.144-0.982-8.192-3.145-12.145z",
          "M139.738 649.604l-55.283 41.186-2.309-8.035 51.405-37.768 1.053 3.661-63.803-5.335-2.072-7.203 51.304-38.124 1.053 3.661-63.735-5.099-2.208-7.676 68.766 5.7 2.276 7.912-48.117 36.314-0.713-2.48 60.105 5.373 2.276 7.913z",
          "M117.030 516.706c0.041 5.325-0.657 10.368-2.095 15.131-1.52 4.763-3.416 8.505-5.689 11.226l-6.911-3.879c1.946-2.636 3.64-6.008 5.083-10.116 1.361-4.106 2.023-8.413 1.989-12.918-0.047-6.143-1.024-10.56-2.929-13.249-1.987-2.688-4.578-4.020-7.773-3.996-2.376 0.018-4.213 0.811-5.511 2.378-1.381 1.485-2.39 3.459-3.026 5.921-0.718 2.463-1.311 5.212-1.78 8.247s-1.018 6.070-1.65 9.106c-0.632 2.954-1.553 5.664-2.763 8.131-1.292 2.468-3.038 4.489-5.237 6.061-2.2 1.492-5.144 2.252-8.83 2.28-3.522 0.027-6.684-0.931-9.484-2.876s-4.993-4.795-6.579-8.551c-1.668-3.837-2.523-8.501-2.566-13.989-0.032-4.177 0.509-8.36 1.623-12.547 1.033-4.185 2.44-7.637 4.221-10.355l7.033 3.755c-1.944 2.882-3.313 5.965-4.107 9.248-0.876 3.284-1.301 6.564-1.276 9.841 0.045 5.816 1.102 10.109 3.172 12.879 1.987 2.688 4.537 4.020 7.65 3.996 2.458-0.018 4.377-0.771 5.758-2.256 1.38-1.567 2.471-3.583 3.271-6.046 0.717-2.545 1.311-5.294 1.78-8.247 0.468-3.035 1.059-6.030 1.774-8.985 0.632-3.036 1.553-5.788 2.763-8.254 1.127-2.548 2.791-4.568 4.991-6.060 2.118-1.573 4.938-2.373 8.46-2.4 3.768-0.029 7.053 1.010 9.855 3.118 2.719 2.028 4.873 5.042 6.46 9.044 1.505 3.921 2.279 8.707 2.323 14.359z",
          "M57.679 435.567c0.866-5.171 2.633-9.527 5.302-13.069 2.602-3.636 6.106-6.207 10.511-7.715 4.419-1.589 9.699-1.871 15.84-0.848l36.968 6.162-1.44 8.604-36.12-6.020c-6.707-1.118-12.041-0.263-16.003 2.565-4.029 2.733-6.551 7.13-7.565 13.19-0.757 4.524-0.491 8.638 0.8 12.341 1.223 3.609 3.416 6.632 6.58 9.070 3.097 2.343 7.069 3.919 11.917 4.727l33.453 5.577-1.44 8.604-89.936-14.991 1.44-8.604 43.756 7.294-3.557 1.151c-4.268-2.787-7.323-6.619-9.164-11.493-1.923-4.889-2.37-10.403-1.342-16.543z",
          "M141.528 375.279c-2.211 5.82-5.506 10.572-9.885 14.256-4.426 3.579-9.447 5.837-15.060 6.774-5.691 0.909-11.523 0.231-17.498-2.035-6.052-2.294-10.866-5.652-14.444-10.075s-5.796-9.426-6.655-15.008c-0.859-5.582-0.168-11.321 2.072-17.218 2.269-5.973 5.578-10.764 9.928-14.371 4.379-3.684 9.361-5.957 14.946-6.818 5.614-0.938 11.447-0.259 17.498 2.035 5.975 2.265 10.79 5.624 14.444 10.075 3.607 4.347 5.863 9.363 6.77 15.051 0.829 5.659 0.125 11.437-2.115 17.334zM134.289 372.535c1.658-4.365 2.17-8.595 1.535-12.691-0.711-4.125-2.465-7.812-5.262-11.063-2.843-3.356-6.601-5.92-11.274-7.692-4.749-1.801-9.264-2.374-13.543-1.718-4.251 0.578-7.974 2.189-11.168 4.833-3.272 2.614-5.722 6.065-7.351 10.354s-2.088 8.495-1.376 12.62c0.635 4.096 2.336 7.807 5.103 11.134s6.526 5.891 11.275 7.692c4.672 1.772 9.187 2.344 13.543 1.718 4.28-0.655 8.055-2.29 11.327-4.904 3.196-2.643 5.592-6.071 7.193-10.283z",
          "M177.203 303.056c-2.958 4.721-6.709 8.317-11.254 10.788-4.615 2.428-9.689 3.505-15.222 3.234-5.56-0.385-11.325-2.445-17.299-6.181s-10.312-7.996-13.018-12.78c-2.776-4.828-4.043-9.824-3.805-14.989s1.86-10.142 4.861-14.931c3.262-5.207 7.357-9.119 12.285-11.738 4.902-2.732 10.211-3.953 15.926-3.663 5.646 0.246 11.213 2.085 16.7 5.517 5.556 3.475 9.678 7.696 12.367 12.662s3.908 10.271 3.66 15.913c-0.205 5.573-1.938 10.962-5.201 16.168zM179.212 343.59l-74.907-46.848 4.437-7.081 16.46 10.295 10.483 7.571 11.695 5.865 36.464 22.805-4.633 7.393zM170.313 299.472c2.436-3.888 3.742-7.901 3.92-12.042 0.108-4.184-0.87-8.178-2.934-11.981-2.133-3.846-5.319-7.094-9.555-9.744s-8.518-4.071-12.844-4.265c-4.326-0.193-8.349 0.673-12.069 2.598s-6.797 4.831-9.233 8.719c-2.436 3.887-3.729 7.958-3.881 12.211-0.108 4.184 0.87 8.178 2.934 11.98 2.107 3.734 5.28 6.926 9.516 9.575s8.531 4.128 12.883 4.434c4.326 0.194 8.349-0.672 12.068-2.598 3.694-2.038 6.759-5.001 9.195-8.888z",
          "M204.572 169.739c3.905-3.498 8.006-5.797 12.303-6.896 4.303-1.215 8.646-1.036 13.029 0.537 4.444 1.518 8.746 4.594 12.904 9.228l25.031 27.894-6.499 5.821-24.456-27.254c-4.541-5.061-9.243-7.724-14.103-7.989-4.854-0.381-9.57 1.478-14.147 5.577-3.417 3.061-5.777 6.44-7.082 10.138-1.298 3.582-1.473 7.313-0.524 11.192 0.955 3.763 3.074 7.474 6.357 11.132l22.651 25.242-6.499 5.821-43.086-48.015 6.225-5.575 11.818 13.17-3.223-1.567c-1.593-4.842-1.587-9.741 0.018-14.698 1.551-5.018 4.645-9.604 9.283-13.758z",
          "M306.967 175.288c-5.35 3.184-10.885 4.858-16.606 5.021-5.692 0.051-11.028-1.301-16.010-4.056-5.023-2.826-9.171-6.982-12.443-12.47-3.314-5.559-4.998-11.182-5.052-16.87s1.318-10.985 4.116-15.891c2.797-4.906 6.906-8.972 12.326-12.199 5.491-3.268 11.062-4.962 16.712-5.084 5.721-0.164 11.036 1.153 15.947 3.951 4.981 2.755 9.129 6.912 12.443 12.47 3.273 5.489 4.957 11.112 5.052 16.87 0.124 5.646-1.227 10.979-4.053 15.997-2.867 4.948-7.012 9.035-12.432 12.261zM303.003 168.638c4.012-2.389 7.043-5.384 9.091-8.986 2.007-3.673 2.925-7.651 2.755-11.936-0.142-4.396-1.492-8.74-4.051-13.032-2.602-4.363-5.782-7.618-9.542-9.765-3.69-2.189-7.608-3.241-11.754-3.157-4.188 0.014-8.253 1.195-12.196 3.54s-6.916 5.356-8.922 9.029c-2.049 3.602-3.024 7.567-2.924 11.893s1.45 8.67 4.052 13.033c2.559 4.292 5.74 7.547 9.542 9.764 3.76 2.148 7.735 3.214 11.923 3.2 4.147-0.084 8.155-1.279 12.027-3.583z",
          "M359.134 146.767l-43.278-53.689 7.938-2.607 39.718 49.944-3.619 1.189 2.895-63.938 7.122-2.339 40.068 49.829-3.619 1.189 2.662-63.861 7.589-2.492-3.070 68.91-7.822 2.569-38.136-46.711 2.451-0.806-3.075 60.246-7.822 2.569z",
          "M492.56 118.641c-5.32 0.225-10.385-0.298-15.195-1.569-4.813-1.354-8.619-3.119-11.417-5.296l3.636-7.042c2.703 1.853 6.132 3.43 10.286 4.73 4.151 1.217 8.478 1.731 12.98 1.54 6.139-0.261 10.519-1.39 13.139-3.387 2.617-2.079 3.858-4.714 3.723-7.907-0.101-2.373-0.957-4.182-2.568-5.425-1.533-1.329-3.54-2.269-6.024-2.819-2.486-0.632-5.254-1.13-8.303-1.492s-6.102-0.807-9.158-1.333c-2.974-0.53-5.715-1.356-8.223-2.48-2.511-1.205-4.591-2.879-6.24-5.024-1.567-2.147-2.43-5.063-2.586-8.746-0.15-3.519 0.698-6.712 2.544-9.578s4.619-5.157 8.318-6.871c3.777-1.8 8.408-2.817 13.891-3.049 4.175-0.177 8.373 0.219 12.596 1.187 4.22 0.887 7.718 2.173 10.495 3.859l-3.508 7.159c-2.948-1.843-6.076-3.104-9.385-3.783-3.312-0.761-6.605-1.073-9.879-0.934-5.812 0.247-10.065 1.452-12.76 3.616-2.617 2.079-3.86 4.674-3.728 7.783 0.104 2.456 0.923 4.348 2.456 5.676 1.614 1.326 3.667 2.346 6.156 3.060 2.569 0.629 5.336 1.126 8.304 1.492 3.049 0.362 6.063 0.85 9.041 1.462 3.056 0.526 5.838 1.351 8.346 2.475 2.586 1.038 4.663 2.631 6.23 4.778 1.645 2.062 2.543 4.853 2.692 8.372 0.16 3.765-0.765 7.084-2.774 9.957-1.931 2.788-4.869 5.044-8.814 6.77-3.866 1.64-8.622 2.58-14.27 2.819z",
          "M572.133 56.375c5.199 0.684 9.613 2.298 13.244 4.842 3.723 2.473 6.412 5.884 8.070 10.234 1.739 4.36 2.201 9.627 1.387 15.799l-4.9 37.157-8.65-1.139 4.788-36.304c0.889-6.741-0.147-12.042-3.108-15.902-2.87-3.931-7.35-6.297-13.442-7.099-4.548-0.599-8.651-0.189-12.308 1.23-3.566 1.348-6.513 3.646-8.841 6.892-2.237 3.176-3.677 7.2-4.319 12.074l-4.434 33.623-8.65-1.139 11.921-90.394 8.65 1.139-5.8 43.979-1.272-3.514c2.641-4.362 6.367-7.549 11.176-9.56 4.821-2.092 10.317-2.732 16.49-1.919z",
          "M636.549 138.288c-5.893-2.009-10.754-5.138-14.583-9.387-3.725-4.299-6.151-9.237-7.275-14.814-1.098-5.655-0.615-11.505 1.451-17.551 2.092-6.124 5.289-11.049 9.592-14.775s9.23-6.114 14.782-7.163c5.553-1.050 11.315-0.556 17.284 1.479 6.048 2.062 10.948 5.204 14.7 9.426 3.829 4.248 6.268 9.148 7.315 14.698 1.125 5.577 0.641 11.427-1.451 17.551-2.066 6.046-5.263 10.972-9.592 14.775-4.225 3.753-9.166 6.179-14.823 7.279-5.63 1.023-11.431 0.517-17.4-1.519zM639.052 130.962c4.42 1.507 8.666 1.873 12.74 1.098 4.1-0.853 7.728-2.731 10.884-5.636 3.261-2.956 5.699-6.799 7.314-11.528 1.642-4.806 2.064-9.336 1.266-13.59-0.72-4.226-2.455-7.891-5.205-10.992-2.723-3.178-6.256-5.508-10.598-6.988s-8.563-1.795-12.663-0.943c-4.073 0.775-7.727 2.602-10.962 5.48s-5.672 6.721-7.314 11.528c-1.615 4.729-2.037 9.258-1.266 13.589 0.797 4.254 2.558 7.969 5.281 11.149 2.75 3.101 6.257 5.379 10.521 6.833z",
          "M708.164 170.398c-4.826-2.778-8.561-6.391-11.196-10.838-2.594-4.519-3.857-9.545-3.789-15.081 0.184-5.566 2.034-11.401 5.55-17.504 3.523-6.103 7.625-10.595 12.308-13.475 4.731-2.951 9.68-4.403 14.855-4.356 5.168 0.047 10.206 1.48 15.107 4.299 5.325 3.064 9.387 7.008 12.186 11.831 2.908 4.794 4.321 10.050 4.239 15.768-0.041 5.647-1.673 11.274-4.908 16.881-3.27 5.678-7.339 9.951-12.213 12.82-4.867 2.869-10.124 4.284-15.776 4.246-5.584 0.003-11.032-1.528-16.364-4.592zM667.705 173.91l44.125-76.543 7.243 4.168-9.701 16.82-7.188 10.749-5.441 11.898-21.476 37.26-7.562-4.351zM711.503 163.385c3.973 2.288 8.035 3.443 12.186 3.467 4.185-0.048 8.144-1.173 11.872-3.375 3.768-2.273 6.902-5.575 9.4-9.904 2.492-4.329 3.761-8.658 3.796-12.984s-0.976-8.312-3.038-11.955c-2.062-3.643-5.079-6.608-9.052-8.897-3.98-2.288-8.096-3.428-12.356-3.422-4.185 0.048-8.144 1.173-11.872 3.375-3.659 2.243-6.738 5.53-9.23 9.859-2.499 4.329-3.816 8.673-3.966 13.029-0.034 4.327 0.976 8.312 3.038 11.955 2.171 3.613 5.243 6.563 9.223 8.851z",
          "M843.162 193.12c3.645 3.772 6.089 7.784 7.345 12.034 1.372 4.252 1.352 8.595-0.061 13.029-1.359 4.492-4.273 8.898-8.759 13.218l-26.993 26.003-6.055-6.278 26.365-25.406c4.902-4.717 7.393-9.507 7.482-14.37 0.205-4.861-1.83-9.501-6.096-13.922-3.188-3.301-6.649-5.536-10.397-6.704-3.632-1.167-7.366-1.206-11.216-0.117-3.727 1.091-7.359 3.341-10.902 6.752l-24.426 23.53-6.055-6.277 46.455-44.759 5.803 6.012-12.739 12.277 1.447-3.275c4.785-1.766 9.687-1.937 14.705-0.514 5.072 1.366 9.776 4.289 14.097 8.768z",
          "M842.848 297.74c-3.359-5.239-5.222-10.712-5.577-16.42-0.239-5.683 0.935-11.057 3.523-16.122 2.662-5.109 6.676-9.387 12.063-12.835 5.448-3.492 11.011-5.358 16.698-5.597 5.693-0.24 11.032 0.958 16.036 3.591 4.997 2.633 9.202 6.604 12.609 11.912 3.454 5.377 5.338 10.885 5.646 16.524 0.355 5.708-0.785 11.060-3.42 16.056-2.587 5.065-6.608 9.343-12.056 12.835-5.379 3.447-10.943 5.313-16.705 5.597-5.639 0.309-11.018-0.866-16.131-3.525-5.045-2.702-9.271-6.707-12.684-12.016zM849.367 293.564c2.526 3.929 5.618 6.858 9.291 8.786 3.741 1.884 7.755 2.671 12.035 2.361 4.39-0.285 8.69-1.776 12.896-4.472 4.28-2.74 7.427-6.023 9.448-9.849 2.068-3.757 2.99-7.704 2.765-11.842-0.157-4.182-1.468-8.204-3.946-12.064s-5.591-6.732-9.332-8.617c-3.673-1.928-7.666-2.772-11.994-2.531-4.321 0.241-8.622 1.731-12.896 4.472-4.212 2.696-7.359 5.979-9.448 9.849-2.021 3.826-2.956 7.83-2.806 12.012 0.225 4.138 1.556 8.103 3.987 11.895z",
          "M872.892 348.912l52.19-45.031 2.881 7.844-48.572 41.349-1.311-3.576 64.020 0.756 2.587 7.037-48.442 41.695-1.318-3.576 63.939 0.525 2.751 7.498-68.997-0.765-2.84-7.729 45.397-39.662 0.887 2.423-60.341-1.059-2.833-7.729z"
        ],
        "attrs": [],
        "grid": 0,
        "tags": [
          "tab_btn_text"
        ]
      },
      "attrs": [],
      "properties": {
        "order": 54,
        "id": 1,
        "name": "tab_btn_text",
        "prevSize": 32
      },
      "setIdx": 1,
      "setId": 3,
      "iconIdx": 11
    },
    {
      "icon": {
        "paths": [
          "M940.386 191.309l-124.958-124.827c-15.253-15.252-35.669-23.816-57.259-23.816s-42.005 8.447-57.259 23.816l-134.583 134.33c-15.253 15.251-23.817 35.782-23.817 57.369 0 21.704 8.448 42 23.817 57.369l105.131 105.235c-23.949 55.793-58.359 106.49-101.376 149.349-43.063 43.29-93.397 77.427-149.248 101.598l-105.131-105.237c-15.253-15.249-35.67-23.817-57.259-23.817-10.649-0.038-21.199 2.048-31.031 6.14-9.832 4.087-18.749 10.099-26.228 17.677l-134.7 134.332c-15.253 15.249-23.819 35.78-23.819 57.37 0 21.7 8.448 41.997 23.819 57.365l124.844 124.83c26.048 26.044 61.952 40.943 98.795 40.943 7.627 0 15.019-0.585 22.528-1.877 155.35-25.574 309.526-108.284 434.019-232.644 124.373-124.591 206.976-278.746 232.789-434.195 7.39-44.112-7.394-89.514-39.074-121.308zM896.269 298.656c-22.878 138.319-97.267 276.286-209.323 388.324-112.051 112.038-249.92 186.419-388.257 209.297-17.366 2.931-35.2-2.931-47.872-15.488l-122.614-122.594 130.006-130.108 141.622 141.837 25.344-9.387c76.845-28.25 146.627-72.866 204.512-130.765 57.882-57.894 102.485-127.684 130.709-204.53l9.387-25.341-141.739-141.603 130.005-130.106 122.615 122.598c12.672 12.67 18.539 30.503 15.603 47.866z"
        ],
        "attrs": [],
        "grid": 0,
        "tags": [
          "tab_tel"
        ]
      },
      "attrs": [],
      "properties": {
        "order": 55,
        "id": 0,
        "name": "tab_tel",
        "prevSize": 32
      },
      "setIdx": 1,
      "setId": 3,
      "iconIdx": 12
    },
    {
      "icon": {
        "paths": [
          "M448 128v-16c0-26.4-21.6-48-48-48h-160c-26.4 0-48 21.6-48 48v16h-192v128h192v16c0 26.4 21.6 48 48 48h160c26.4 0 48-21.6 48-48v-16h576v-128h-576zM256 256v-128h128v128h-128zM832 432c0-26.4-21.6-48-48-48h-160c-26.4 0-48 21.6-48 48v16h-576v128h576v16c0 26.4 21.6 48 48 48h160c26.4 0 48-21.6 48-48v-16h192v-128h-192v-16zM640 576v-128h128v128h-128zM448 752c0-26.4-21.6-48-48-48h-160c-26.4 0-48 21.6-48 48v16h-192v128h192v16c0 26.4 21.6 48 48 48h160c26.4 0 48-21.6 48-48v-16h576v-128h-576v-16zM256 896v-128h128v128h-128z"
        ],
        "tags": [
          "equalizer",
          "sliders",
          "settings",
          "preferences",
          "dashboard",
          "control"
        ],
        "defaultCode": 59794,
        "grid": 16,
        "attrs": []
      },
      "attrs": [],
      "properties": {
        "ligatures": "equalizer, sliders",
        "name": "equalizer",
        "order": 6,
        "id": 147,
        "prevSize": 32
      },
      "setIdx": 2,
      "setId": 1,
      "iconIdx": 146
    }
  ],
  "height": 1024,
  "preferences": {
    "showGlyphs": true,
    "showQuickUse": true,
    "showQuickUse2": true,
    "showSVGs": true,
    "fontPref": {
      "prefix": "icon-",
      "metadata": {
        "fontFamily": "icomoon"
      },
      "metrics": {
        "emSize": 1024,
        "baseline": 6.25,
        "whitespace": 50
      },
      "embed": false
    },
    "imagePref": {
      "prefix": "icon-",
      "png": true,
      "useClassSelector": true,
      "color": 0,
      "bgColor": 16777215,
      "classSelector": ".icon",
      "name": "icomoon"
    },
    "historySize": 50,
    "showCodes": true,
    "gridSize": 16
  }
}